week_end,macro_economy_text_information,woodgreen_housing_demand_text_information,woodgreen_cost_of_living_text_information,woodgreen_employment_text_information,woodgreen_mental_health_text_information,woodgreen_food_security_text_information,woodgreen_newcomer_settlement_text_information,woodgreen_seniors_care_text_information,woodgreen_family_violence_text_information
2021-03-07,-0.542208072063014,0.621375113615887,0.1364959991844393,-1.2211336430204438,1.0281724735201994,0.0912047751818809,0.5402948887823722,0.4610957039409194,1.860368127476281
2021-03-14,-0.4544514960451545,0.6098867424971212,0.1269423764642735,-1.3235093021135722,1.050778121935729,-0.0238303655078106,0.4790051364744722,0.3987972131951719,1.7047607619640246
2021-03-21,-0.3666949200272949,0.5983983713783552,0.1173887537441078,-1.4258849612067006,1.0733837703512583,-0.1388655061975022,0.4177153841665721,0.3364987224494243,1.5491533964517683
2021-03-28,-0.2789383440094354,0.5869100002595891,0.1078351310239421,-1.528260620299829,1.0959894187667882,-0.2539006468871939,0.3564256318586719,0.2742002317036772,1.3935460309395118
2021-04-04,-0.2235556460071786,0.5709977735291979,0.0977239271472684,-1.6194350645569455,1.1291719655444254,-0.336462865164475,0.3042427337203445,0.2159081434449317,1.2645003903171446
2021-04-11,-0.3678118624344736,0.5278051038604519,0.0841743061387957,-1.6415353506586576,1.2275787188883909,-0.2187753952318913,0.3082187696277143,0.1823222038560327,1.299252053182428
2021-04-18,-0.5444419568773716,0.4801885785800804,0.0700671039738151,-1.6524344219243583,1.3365623705944638,-0.0686150028868973,0.3213016597046563,0.1527426667541356,1.3605654409376002
2021-04-25,-0.7210720513202695,0.4325720532997092,0.0559599018088344,-1.6633334931900592,1.4455460223005363,0.0815453894580966,0.3343845497815987,0.1231631296522388,1.421878828692773
2021-05-02,-0.8936730837671744,0.3877365525654488,0.0436345177343966,-1.6722985323459152,1.5506520098042642,0.2277003666546052,0.3447831737844198,0.0936534566306582,1.4804031074913355
2021-05-09,-0.933315070346315,0.4346748618528507,0.0901091306478754,-1.6174405118769035,1.5277950786306325,0.2416766439510887,0.2666010173412559,0.0664492982595109,1.4468867907217615
2021-05-16,-0.9125211269855626,0.5233285393319178,0.1633110149194982,-1.5335720097602243,1.4467731844218368,0.1955716940202883,0.14815486978628,0.0402931010931064,1.371533839603035
2021-05-23,-0.8917271836248103,0.6119822168109847,0.2365128991911209,-1.4497035076435456,1.365751290213041,0.1494667440894878,0.0297087222313041,0.0141369039267014,1.2961808884843082
2021-05-30,-0.870933240264058,0.7006358942900516,0.3097147834627436,-1.3658350055268669,1.284729396004246,0.1033617941586872,-0.0887374253236713,-0.012019293239703,1.2208279373655817
2021-06-06,-0.8663713037104234,0.7768373284754825,0.3510532783285516,-1.3294470659848396,1.211098189077268,0.0633233623264945,-0.1709450726666628,0.040162133171344,1.1562885988233336
2021-06-13,-0.8975197821324484,0.8256438274149136,0.3222923165015668,-1.397516364107048,1.1537264941702878,0.0366312703112391,-0.1734280195432882,0.2646863314527858,1.1155392079493387
2021-06-20,-0.9297503943416148,0.8736201768014357,0.2914071287141945,-1.4687510330675662,1.0968475117487624,0.0103436128358908,-0.1734950664057813,0.4944330379727247,1.0755107245804425
2021-06-27,-0.9619810065507808,0.9215965261879578,0.2605219409268221,-1.5399857020280847,1.0399685293272374,-0.0159440446394572,-0.1735621132682743,0.7241797444926635,1.0354822412115456
2021-07-04,-0.9928112103295288,0.967619174358566,0.2335047263679079,-1.5992689355072194,0.9853554148094136,-0.0211738911897314,-0.1741048971670774,0.90606774819145,1.0042353061922638
2021-07-11,-1.0150055621206993,1.0015939983643762,0.2303400133844849,-1.5848516501844887,0.9447151523644148,0.103452762964618,-0.1775813927897896,0.7928270844931323,1.0271412526622712
2021-07-18,-1.0357995054814515,1.0336151211542723,0.2310432736295201,-1.5584829293803746,0.9063407578231174,0.2491372280440418,-0.1815336254488115,0.6317277179736621,1.0588287474818927
2021-07-25,-1.056593448842204,1.0656362439441682,0.2317465338745552,-1.5321142085762602,0.8679663632818198,0.3948216931234654,-0.1854858581078334,0.4706283514541919,1.0905162423015144
2021-08-01,-1.0773873922029562,1.097657366734064,0.2324497941195905,-1.505745487772146,0.8295919687405223,0.540506158202889,-0.1894380907668551,0.3095289849347212,1.1222037371211362
2021-08-08,-1.000766256637601,1.0759475455446832,0.2448698780274057,-1.4469819239942534,0.8304756866679182,0.543194274041212,-0.1160494599648848,0.2222172049012276,1.151906538278045
2021-08-15,-0.8510838118776648,1.0139395163708451,0.2660775796823059,-1.3639222279860277,0.8608029889468344,0.4386351279487094,0.0153448184328295,0.1902461147322163,1.180120819187918
2021-08-22,-0.7014013671177289,0.9519314871970064,0.2872852813372062,-1.2808625319778018,0.8911302912257506,0.3340759818562068,0.1467390968305441,0.1582750245632049,1.2083351000977915
2021-08-29,-0.5517189223577929,0.8899234580231675,0.3084929829921064,-1.1978028359695758,0.9214575935046668,0.2295168357637041,0.2781333752282586,0.1263039343941937,1.236549381007665
2021-09-05,-0.426006239342912,0.8318859381503624,0.3461784716731638,-1.1346325331700864,0.9982401312917608,0.192327287653181,0.3585308667643255,0.1168200863041984,1.301358419495478
2021-09-12,-0.3865846986102295,0.7881422517612787,0.4431839936483874,-1.143064045922048,1.242261516908295,0.3976682922777838,0.2553399255984604,0.1882903096986607,1.4979085852638736
2021-09-19,-0.3543540864010633,0.7455897181625047,0.5451328517314581,-1.1574623766366308,1.5002194731772824,0.6232201762969807,0.1368499483741014,0.2665067057168283,1.7054371783056508
2021-09-26,-0.3221234741918973,0.7030371845637313,0.6470817098145284,-1.1718607073512135,1.758177429446269,0.8487720603161775,0.018359971149742,0.3447231017349956,1.912965771347428
2021-10-03,-0.2912016994840747,0.6647084348823264,0.743959268494047,-1.182514451991665,1.9911100571213376,1.066072004904954,-0.0916017116526042,0.4134940051257852,2.0983983671312045
2021-10-10,-0.2759859747923729,0.6770650922093507,0.7799812343309419,-1.1482331637425385,1.9237387416693816,1.1843486763286917,-0.0992238613907985,0.3689189969880417,2.0186789958189726
2021-10-17,-0.2651330417718163,0.7035010292609382,0.7990988688226637,-1.101469921912973,1.7729496642376958,1.2751188829843625,-0.0784183630556173,0.2928590134257054,1.8653063003134045
2021-10-24,-0.2542801087512594,0.7299369663125258,0.8182165033143851,-1.054706680083408,1.6221605868060105,1.3658890896400333,-0.0576128647204357,0.2167990298633692,1.711933604807836
2021-10-31,-0.2434271757307026,0.7563729033641133,0.837334137806107,-1.007943438253843,1.4713715093743247,1.456659296295704,-0.036807366385254,0.1407390463010331,1.558560909302268
2021-11-07,-0.294506618932103,0.7203465539548903,0.8189625237403073,-1.0644889917485785,1.3615651229520858,1.5689253628540176,0.0046086050456374,0.1010369789671633,1.4764548125159282
2021-11-14,-0.4281625637627793,0.6010371559312526,0.7506052449311466,-1.2587796056757146,1.3064023245424434,1.7098525759491885,0.0735052072708093,0.1098121332712487,1.4893708473552254
2021-11-21,-0.5618185085934557,0.4817277579076152,0.6822479661219857,-1.4530702196028509,1.251239526132801,1.8507797890443585,0.1424018094959812,0.1185872875753342,1.502286882194523
2021-11-28,-0.6954744534241322,0.3624183598839773,0.6138906873128249,-1.647360833529987,1.1960767277231592,1.991707002139529,0.2112984117211531,0.1273624418794196,1.5152029170338204
2021-12-05,-0.6995091535910236,0.2952252295668929,0.5749694481655553,-1.7605644647899097,1.1898720964473557,2.055199802847777,0.2866981314985929,0.1408603204586699,1.5217461709260414
2021-12-12,-0.2369073729682897,0.4156506629933983,0.642017951801095,-1.5818549584478614,1.3599168668533694,1.839928718963108,0.3855090744641986,0.1713600064285139,1.505347413408787
2021-12-19,0.2645807810535796,0.5517109767318696,0.7178972673352021,-1.3788193573056498,1.5446490873995349,1.601427311362362,0.4862709526954845,0.2032765096809074,1.4870368216074097
2021-12-26,0.7660689350754494,0.6877712904703409,0.7937765828693093,-1.175783756163438,1.7293813079457006,1.3629259037616157,0.5870328309267704,0.2351930129333012,1.4687262298060326
2022-01-02,1.2710826823803054,0.8234025708809195,0.8706555414367463,-0.9753224235125324,1.9070282549619049,1.1281252462396003,0.6849563643191899,0.2687475389164199,1.4509305401579538
2022-01-09,1.8924410080237304,0.9448757514710372,0.9805227201040732,-0.8598119510747309,1.850861175489402,1.015449341315697,0.6892145180290253,0.356356815013465,1.4501266215687163
2022-01-16,2.566683232911958,1.059913432142764,1.10538454427135,-0.7829155060065222,1.6884149930674863,0.9582846875727536,0.6508974991558676,0.4685364320713859,1.4570462352789524
2022-01-23,3.2409254578001856,1.1749511128144916,1.230246368438627,-0.7060190609383138,1.525968810645571,0.90112003382981,0.6125804802827098,0.5807160491293065,1.4639658489891885
2022-01-30,3.9151676826884136,1.2899887934862184,1.355108192605904,-0.6291226158701051,1.363522628223656,0.8439553800868664,0.574263461409552,0.6928956661872274,1.4708854626994243
2022-02-06,4.175636716586968,1.3519935465793596,1.5177221665932483,-0.5220162278755918,1.2906095026510325,0.8233737698178566,0.6077271627537784,0.7889926067906726,1.498706715644383
2022-02-13,3.5258047303082405,1.2973258589996124,1.7633908701847427,-0.3484479654432075,1.4146691021468525,0.8832748551915002,0.7991084485762504,0.8497076591942702,1.572511574905732
2022-02-20,2.848387864630201,1.2391226429146265,2.011576383764241,-0.1728657068157361,1.5446975720992928,0.9456148101300732,0.9952751157465476,0.9093505331675696,1.6477098767827292
2022-02-27,2.170970998952162,1.18091942682964,2.2597618973437403,0.0027165518117352,1.6747260420517325,1.0079547650686458,1.191441782916845,0.9689934071408688,1.722908178659727
2022-03-06,1.655105486616399,1.1300293976804123,2.375992975923375,0.0913808152863707,1.726998497178544,1.0065098870201814,1.3118317711073282,0.9632002981777658,1.7543506692724573
2022-03-13,1.4946529516336446,1.0952283797898548,2.201924297503309,-0.0111745105752318,1.6082077196889737,0.8647383764002354,1.2655130655422169,0.813448026754578,1.689530375103803
2022-03-20,1.3449705068737088,1.0609149076950142,2.01905865674992,-0.1195243694470237,1.484233207877694,0.7187145435811535,1.2141425813784512,0.6593333564689631,1.6217930268508651
2022-03-27,1.1952880621137727,1.0266014356001736,1.8361930159965296,-0.2278742283188158,1.360258696066415,0.5726907107620719,1.1627720972146858,0.5052186861833482,1.554055678597927
2022-04-03,1.048192172704615,0.9952060498517312,1.6678151056941108,-0.3333646342249947,1.243976302641252,0.4377940674716748,1.1053259193011211,0.3599135409542131,1.483793865742134
2022-04-10,0.9321349475047996,0.9988277002600698,1.673289960803346,-0.4045416045438207,1.219999329849486,0.4364236985254965,0.9749714163899676,0.3203226964028317,1.383238477652089
2022-04-17,0.8246995734742459,1.0121763051564032,1.7270572507491515,-0.4661870649772708,1.2216627516781078,0.4721439613416013,0.824364600979483,0.3100969353730484,1.2742682075525291
2022-04-24,0.7172641994436921,1.0255249100527362,1.7808245406949563,-0.5278325254107209,1.2233261735067298,0.507864224157706,0.6737577855689987,0.2998711743432652,1.1652979374529693
2022-05-01,0.6098288254131387,1.0388735149490695,1.8345918306407616,-0.5894779858441709,1.2249895953353516,0.5435844869738108,0.5231509701585143,0.2896454133134821,1.0563276673534094
2022-05-08,0.5020167748066545,1.080270365388141,1.9301618946151864,-0.6549658248467024,1.2062229831094071,0.5993905172832293,0.5240365799509451,0.488506957581145,1.0905553586989585
2022-05-15,0.3939222167682233,1.1427033999842655,2.0570840391110763,-0.723335447776046,1.1721338453425385,0.6702608732126331,0.638541508645562,0.8441839808218935,1.232181521128339
2022-05-22,0.285827658729792,1.205136434580391,2.184006183606966,-0.7917050707053893,1.1380447075756692,0.7411312291420371,0.7530464373401787,1.1998610040626418,1.3738076835577189
2022-05-29,0.1777331006913606,1.2675694691765158,2.3109283281028565,-0.8600746936347327,1.1039555698088002,0.8120015850714408,0.867551366034796,1.55553802730339,1.5154338459870995
2022-06-05,0.0960837738456931,1.3156412266874538,2.387463607554815,-0.9122670320344752,1.075250228599138,0.8662029385030996,0.9699377995626924,1.7744354543741925,1.5976818912534214
2022-06-12,0.1096372792939746,1.3120123866917175,2.282606172848621,-0.9062211461276548,1.0659265549954176,0.8603958829428761,1.0286976504903953,1.50092633523319,1.4661687147327325
2022-06-19,0.1311243541000854,1.3040751635704255,2.162632678629248,-0.895322074861954,1.0582180203588591,0.8495881266333292,1.0838219528680817,1.1863833372412034,1.3168421030631257
2022-06-26,0.1526114289061962,1.296137940449133,2.042659184409874,-0.8844230035962537,1.0505094857223012,0.8387803703237822,1.1389462552457683,0.871840339249217,1.1675154913935193
2022-07-03,0.1676905742276668,1.2906729170130382,1.9284395838856443,-0.8741912224080448,1.041180897349763,0.8343090458892534,1.1958316446835402,0.5779517625390728,1.0309438167796283
2022-07-10,0.1058745657334574,1.3148742897993075,1.883266707703142,-0.8719669221497386,1.012411664145467,0.905874903954942,1.2738500788423326,0.531916241211037,1.0474313868343266
2022-07-17,0.0226987922904481,1.3473163282029004,1.8572734771711197,-0.8719669221497386,0.9782422518212384,0.998562201604025,1.3577388032014086,0.554728790822476,1.1064354137414114
2022-07-24,-0.0604769811525609,1.3797583666064934,1.8312802466390967,-0.8719669221497386,0.94407283949701,1.0912494992531077,1.441627527560485,0.5775413404339144,1.165439440648496
2022-07-31,-0.1436527545955704,1.4122004050100865,1.8052870161070744,-0.8719669221497386,0.9099034271727816,1.1839367969021903,1.5255162519195615,0.6003538900453534,1.2244434675555804
2022-08-07,-0.1138600257940541,1.398641381494226,1.792290391899752,-0.8492031176079088,0.948520212403184,1.2412329881619653,1.6127558780741411,0.7220348172748517,1.2546459745120064
2022-08-14,0.0665573726668297,1.3237476087524287,1.7966225761253642,-0.7960875736769724,1.0841852610397609,1.251341037569329,1.7044633732893917,0.975540247995097,1.2464464548675538
2022-08-21,0.2469747711277137,1.2488538360106307,1.8009547603509766,-0.7429720297460362,1.2198503096763378,1.2614490869766928,1.7961708685046427,1.229045678715342,1.2382469352231011
2022-08-28,0.4273921695885976,1.1739600632688334,1.8052869445765884,-0.6898564858151,1.3555153583129145,1.271557136384056,1.8878783637198937,1.4825511094355872,1.2300474155786485
2022-09-04,0.5857753347748658,1.105256644963735,1.8090609799609136,-0.6432448860389722,1.4648432992325549,1.2889480300814071,1.9473371603632303,1.65826635763042,1.217153285704591
2022-09-11,0.6082807281010014,1.0747270790182852,1.809393097490633,-0.6367409418841637,1.4117590758977534,1.3512497969003423,1.8079289824797653,1.3542754802518773,1.175309059414637
2022-09-18,0.6087518881525215,1.0503878675095348,1.809167066179065,-0.6367409418841637,1.3323377448460152,1.4208344080092643,1.6362721060243857,0.972494420347922,1.1287702228950771
2022-09-25,0.6092230482040414,1.0260486560007844,1.8089410348674968,-0.6367409418841637,1.2529164137942763,1.4904190191181867,1.4646152295690056,0.590713360443967,1.082231386375518
2022-10-02,0.6094724096487879,1.0017246595864635,1.8114682787882492,-0.6366294562653437,1.1781671656349173,1.5603620206172395,1.2956885879621487,0.223662897679061,1.0393308369936085
2022-10-09,0.6024024170700127,0.9779027612883224,1.9048536053755911,-0.6328389452254661,1.257596652924057,1.642131904990603,1.2168596963565446,0.3427221405027718,1.1164937631541425
2022-10-16,0.5920054453896366,0.9543090894066272,2.0395380604477453,-0.6273761499032895,1.4071073835988774,1.7292776452159253,1.178984327478782,0.6827403404122173,1.2482309963794245
2022-10-23,0.5816084737092604,0.930715417524932,2.1742225155198995,-0.6219133545811125,1.5566181142736977,1.816423385441248,1.1411089586010197,1.0227585403216628,1.3799682296047056
2022-10-30,0.571211502028884,0.9071217456432368,2.3089069705920537,-0.6164505592589358,1.7061288449485177,1.9035691256665703,1.1032335897232572,1.3627767402311084,1.5117054628299869
2022-11-06,0.5672861147618034,0.8689733173996057,2.3361947878495366,-0.6520582625454462,1.7749792900521246,2.0620093266134694,1.0811034416835237,1.4728483530873848,1.590180703701764
2022-11-13,0.5775982132039721,0.7988044251597163,2.127210001914744,-0.7780210627710674,1.6663771068990605,2.377297341147833,1.0936127794874535,1.0770374744266908,1.5514795613958317
2022-11-20,0.5883417506070278,0.7276652158290311,1.9110654401256384,-0.906721896237268,1.552397571374582,2.697338319730304,1.1071717986805858,0.6658968232957851,1.5092276195996654
2022-11-27,0.5990852880100832,0.6565260064983457,1.694920878336534,-1.0354227297034682,1.438418035850103,3.017379298312773,1.1207308178737172,0.2547561721648793,1.466975677803499
2022-12-04,0.6426240183220445,0.607516839847537,1.531659983845618,-1.1146567602558446,1.3609690343039211,3.241110264180868,1.149727786230771,-0.0426968120577523,1.4346473379170956
2022-12-11,0.8883997715722582,0.6949762697226335,1.6945150376935327,-0.888845506172972,1.508791658957236,2.8709294849769806,1.2739254410986809,0.3609241496539729,1.4635145431408951
2022-12-18,1.166970717731378,0.8045657422776067,1.9102537588396369,-0.6135674491762751,1.693144817588847,2.4044386930587187,1.413561045130513,0.8782327782739717,1.502305350274457
2022-12-25,1.4455416638904974,0.9141552148325796,2.1259924799857406,-0.3382893921795784,1.8774979762204589,1.9379479011404563,1.553196649162346,1.3955414068939709,1.5410961574080189
2023-01-01,1.7241126100496174,1.0237446873875524,2.3417312011318443,-0.0630113351828817,2.06185113485207,1.4714571092221942,1.6928322531941784,1.9128500355139704,1.5798869645415807
2023-01-08,1.825676778380024,1.0834368712608426,2.4232995319026616,0.0155725312937569,2.0842176729676263,1.3111898222801486,1.7551096295180364,1.925759079306208,1.5955972500294522
2023-01-15,1.7944858633388951,1.105706088622871,2.4042400698920146,-0.0533642451196478,1.98509424569614,1.3805901640702651,1.7593683350609128,1.560368434477624,1.5939971442830545
2023-01-22,1.7632949482977665,1.1279753059848987,2.385180607881367,-0.1223010215330526,1.885970818424654,1.449990505860382,1.7636270406037895,1.1949777896490408,1.5923970385366568
2023-01-29,1.7321040332566382,1.1502445233469267,2.36612114587072,-0.1912377979464576,1.7868473911531677,1.519390847650499,1.7678857461466664,0.8295871448204576,1.5907969327902596
2023-02-05,1.680505743578983,1.1779910226244843,2.334424166182913,-0.2293808769008651,1.712320184481637,1.5769180417621715,1.7816635142123498,0.6185931578735296,1.5973754482075395
2023-02-12,1.5554409052098328,1.2254557367979495,2.2572321228573347,-0.1566666450028827,1.726339371969946,1.5917019042314478,1.8297099073601344,0.9634271393005625,1.633396999814058
2023-02-19,1.424253854449724,1.2745636355460743,2.176248824228608,-0.0747143038672009,1.747737425638242,1.6029238223971904,1.880612019264761,1.3545801180920911,1.67187213776968
2023-02-26,1.2930668036896162,1.3236715342941987,2.0952655255998818,0.0072380372684808,1.7691354793065377,1.6141457405629331,1.9315141311693875,1.7457330968836204,1.710347275725302
2023-03-05,1.1844089585212132,1.364535540059377,2.030079413811982,0.057705582963161,1.7654287835397575,1.6163571556532976,1.9200826277104217,1.9782958418743952,1.7179224701735762
2023-03-12,1.1568562534829492,1.3757215310859503,2.021763174651059,-0.0051721349297646,1.671344989806706,1.5861307596723009,1.6842501089425252,1.6399337451824556,1.6142578679953992
2023-03-19,1.136062310122197,1.3844343542176407,2.0181860915423835,-0.077495291454991,1.5697297712431315,1.553201212768691,1.4297175055655504,1.2539945783502895,1.501323282765018
2023-03-26,1.115268366761445,1.3931471773493302,2.014609008433708,-0.1498184479802174,1.4681145526795567,1.5202716658650803,1.175184902188576,0.8680554115181234,1.388388697534637
2023-04-02,1.0921807327595003,1.400648463178861,2.00912401184923,-0.2172486086274523,1.36849670098274,1.4874330511746738,0.927594518408964,0.4975638559405697,1.2757887396260958
2023-04-09,0.9934013075982228,1.3681690180371284,1.940677870563276,-0.1232099053009732,1.3347919558889347,1.4575951995199818,0.9090973813423198,0.6368434717652084,1.174231483338285
2023-04-16,0.8602165228190664,1.3175165133630042,1.843613027140288,0.0442237361953761,1.3310477137964978,1.4291213310633424,0.994733538236115,1.007837256409026,1.077693636878078
2023-04-23,0.7270317380399097,1.2668640086888796,1.7465481837173,0.2116573776917252,1.3273034717040617,1.400647462606703,1.0803696951299102,1.3788310410528444,0.981155790417871
2023-04-30,0.5938469532607532,1.216211504014756,1.649483340294312,0.3790910191880746,1.323559229611625,1.3721735941500637,1.166005852023705,1.7498248256966618,0.8846179439576642
2023-05-07,0.4382610066544146,1.1998265491563238,1.5956077663651704,0.4509334926444613,1.3274441882631385,1.3811862262476529,1.252411043993111,1.8120887907190557,0.8734064081625194
2023-05-14,0.2528068442784998,1.2291316607188147,1.599317885094491,0.395321075380898,1.3415014145732531,1.440180859084215,1.3398416160633315,1.4627129962462158,0.9759632865874572
2023-05-21,0.067352681902585,1.2584367722813052,1.603028003823811,0.3397086581173348,1.3555586408833675,1.4991754919207756,1.4272721881335515,1.1133372017733765,1.0785201650123948
2023-05-28,-0.1181014804733296,1.2877418838437955,1.606738122553131,0.2840962408537715,1.3696158671934822,1.5581701247573376,1.514702760203772,0.7639614073005372,1.1810770434373326
2023-06-04,-0.2874246458663091,1.3125189741615764,1.6148413426395898,0.2352935073367669,1.3716593814340168,1.586550003166193,1.5890322900563876,0.4516027540772369,1.2619100630517457
2023-06-11,-0.3572733298645212,1.309373266803642,1.6500353544284008,0.2284838235902083,1.2996183379121435,1.4261388959375267,1.582572059567103,0.3675164718927629,1.2087792866679212
2023-06-18,-0.410991016879798,1.3016995382009977,1.6896224675743503,0.2284838235902083,1.2155635823206912,1.2351130342811545,1.563010786860214,0.320447330957828,1.1339246514735717
2023-06-25,-0.4647087038950749,1.2940258095983534,1.7292095807202998,0.2284838235902083,1.1315088267292384,1.0440871726247816,1.5434495141533238,0.2733781900228931,1.0590700162792224
2023-07-02,-0.515114794861497,1.287253459069463,1.7681826347246623,0.2269654649833597,1.0488696856302728,0.8604593883236024,1.5258169368814816,0.2300732503100346,0.984703845460303
2023-07-09,-0.4562382162157082,1.310226584974464,1.7868917370566666,0.175341272350507,1.0129458227834085,0.920968156743798,1.5718313089662064,0.3109869509256949,0.9264569990305755
2023-07-16,-0.3476876968370964,1.3467203819857791,1.7963899522648712,0.1009417006149255,0.9982561773238626,1.0924480854918914,1.646776112576643,0.4483636698725,0.8755371182322987
2023-07-23,-0.2391371774584844,1.383214178997094,1.805888167473076,0.0265421288793442,0.9835665318643164,1.263928014239985,1.7217209161870797,0.5857403888193051,0.8246172374340218
2023-07-30,-0.1305866580798725,1.4197079760084088,1.8153863826812804,-0.0478574428562373,0.96887688640477,1.4354079429880782,1.7966657197975169,0.72311710776611,0.7736973566357451
2023-08-06,0.0032862527587892,1.429553104213159,1.8226269617914648,-0.0837416668023687,1.0009355603887262,1.6186894185448573,1.8480412266507027,0.874572341908159,0.7383098533507158
2023-08-13,0.1928684248095599,1.380771161043468,1.8249007414860063,-0.03489212561171,1.135840537148388,1.8279342970807468,1.847564280637937,1.0570003094797449,0.7370935805948301
2023-08-20,0.3841387562910006,1.330212639953339,1.8270240121073464,0.0165251054315785,1.2738620685376163,2.0379659454038817,1.845516048174689,1.2403668447310134,0.7369127996731615
2023-08-27,0.5754090877724413,1.2796541188632096,1.8291472827286863,0.0679423364748674,1.4118835999268455,2.247997593727017,1.8434678157114408,1.4237333799822818,0.7367320187514926
2023-09-03,0.75562675839194,1.228839535337986,1.8320784653006448,0.1126130415005477,1.5410945600801793,2.433109095560869,1.8358095887380248,1.5952665282190392,0.7392278965137767
2023-09-10,0.8032124986681353,1.1749522025916246,1.8447045912800208,0.0763254343149279,1.5645786654027776,2.3191788395233184,1.7608314276426145,1.6247990322816612,0.7738436784834957
2023-09-17,0.8139560360711906,1.1202113283949469,1.8600237570947908,0.0175494070706137,1.55869419993906,2.1221814285214893,1.667153284846649,1.6148869129625787,0.8173816560663912
2023-09-24,0.8246995734742458,1.0654704541982694,1.8753429229095604,-0.0412266201737005,1.5528097344753429,1.9251840175196604,1.573475142050684,1.6049747936434962,0.8609196336492866
2023-10-01,0.8354431108773012,1.010729580001592,1.890662088724331,-0.100002647418015,1.546925269011625,1.728186606517832,1.4797969992547186,1.5950626743244138,0.904457611232182
2023-10-08,0.8281652307010379,1.0101871264571245,1.8693891000556664,-0.0675024626935497,1.5862570304591752,1.877008770462428,1.4391083549416146,1.5930092822670752,0.996100559653724
2023-10-15,0.8073712873402857,1.0502934884018138,1.8206719955244264,0.0334548810074998,1.6595009620901766,2.285195615616844,1.4381618344906566,1.596849935656044,1.1238222362042507
2023-10-22,0.7865773439795334,1.0903998503465038,1.7719548909931864,0.1344122247085495,1.7327448937211776,2.69338246077126,1.437215314039698,1.6006905890450132,1.2515439127547776
2023-10-29,0.7657834006187809,1.1305062122911933,1.723237786461946,0.2353695684095991,1.8059888253521783,3.1015693059256755,1.43626879358874,1.6045312424339822,1.379265589305304
2023-11-05,0.7426554432073319,1.1360613976755995,1.669836698809999,0.2816329775261725,1.8221839368566195,3.401638102545642,1.397422008554713,1.5350922189250549,1.4550375500286512
2023-11-12,0.7111250352133752,1.0172323474429843,1.5995732719235034,0.1309982221386304,1.633003295905448,3.3124819244415886,1.2221342710216414,1.2018463585836978,1.343790533774151
2023-11-19,0.6788944230042089,0.8880379442422843,1.5279046501007965,-0.0360447136242541,1.4267080089163071,3.1908903317772004,1.0354764541136492,0.8466165951729722,1.2169586027714965
2023-11-26,0.6466638107950428,0.7588435410415844,1.456236028278089,-0.2030876493871389,1.2204127219271663,3.069298739112813,0.8488186372056562,0.4913868317622462,1.0901266717688418
2023-12-03,0.6281169298322403,0.6480801417632444,1.3976945312633886,-0.3449985763765569,1.0333188424306292,2.934213545589351,0.6923751386147499,0.1844564265433155,0.9743848941529524
2023-12-10,0.7737748238258021,0.758488789553231,1.496678531944773,-0.1853253980843735,1.07664185284533,2.6372051417570077,0.8985034598288758,0.4571183196259201,0.9917249571782438
2023-12-17,0.9650451553072432,0.9303341170844198,1.6394196153195146,0.058121142786032,1.1839695549020413,2.295218068394417,1.2053461754332897,0.8907780733478401,1.0460321981594187
2023-12-24,1.1563154867886836,1.1021794446156084,1.7821606986942555,0.3015676836564376,1.2912972569587526,1.9532309950318267,1.5121888910377022,1.32443782706976,1.1003394391405938
2023-12-31,1.3475858182701244,1.2740247721467963,1.924901782068997,0.5450142245268436,1.3986249590154636,1.6112439216692362,1.8190316066421155,1.75809758079168,1.1546466801217687
2024-01-07,1.4747065305687352,1.340664931332857,2.036430156558635,0.6818663575267229,1.4587500938287,1.359923033261421,2.0076784333543487,1.998647216893513,1.1564792180261063
2024-01-14,1.51629441729024,1.267031532725415,2.106341585868136,0.6765926133658998,1.4559384723173048,1.2294903914599722,2.0387307415436755,1.9817166961685624,1.0883454851613288
2024-01-21,1.5578823040117449,1.1933981341179722,2.176253015177636,0.6713188692050771,1.453126850805909,1.0990577496585234,2.0697830497330023,1.964786175443612,1.020211752296551
2024-01-28,1.5994701907332491,1.119764735510531,2.246164444487136,0.6660451250442543,1.4503152292945134,0.9686251078570745,2.1008353579223304,1.9478556547186607,0.9520780194317732
2024-02-04,1.6204558840576817,1.0600302112956896,2.296182645494132,0.6593957364599744,1.4414941051297383,0.8852836793969818,2.107754514908014,1.926313813922922,0.8946583393466427
2024-02-11,1.514394718100167,1.08600541250189,2.223525938635685,0.6442632072643766,1.3956143812691246,1.09233806654192,1.965852572804566,1.8763354993573236,0.903308651402672
2024-02-18,1.3877313587455793,1.1258794881006906,2.130976003474734,0.6277550336453215,1.3437251547551312,1.3464836670282143,1.799817479497475,1.8217458647209368,0.9226730162383492
2024-02-25,1.2610679993909917,1.1657535636994918,2.038426068313783,0.6112468600262667,1.291835928241138,1.600629267514509,1.633782386190384,1.76715623008455,0.9420373810740268
2024-03-03,1.145594827321576,1.2020021902565534,1.95580317007742,0.5922669403206972,1.239600363976442,1.824356198626504,1.4823928428250732,1.715713055251726,0.9567640736479344
2024-03-10,1.164403902674221,1.1947454283127426,1.9923047149361115,0.5436260675769481,1.183208746703307,1.6830590972469104,1.506749898761122,1.7020273980616525,0.9158386990806106
2024-03-17,1.2205136023107717,1.1754038362297996,2.0618963828767627,0.4867460412114828,1.1256626702611614,1.4403664312863191,1.5799254545031034,1.6988299402167872,0.8594544169740558
2024-03-24,1.276623301947322,1.156062244146857,2.131488050817413,0.4298660148460174,1.0681165938190162,1.197673765325728,1.653101010245085,1.6956324823719215,0.803070134867501
2024-03-31,1.3327330015838723,1.1367206520639148,2.201079718758064,0.3729859884805519,1.010570517376871,0.9549810993651368,1.7262765659870671,1.6924350245270563,0.7466858527609462
2024-04-07,1.2892990009227392,1.1021796063496363,2.192740350142008,0.3574598342724719,0.9886868038686176,0.906444774119559,1.7445108575566766,1.5369115393951094,0.7251199659251171
2024-04-14,1.113140066531361,1.047372622460243,2.0804929327836765,0.3970721762742387,1.014352907605554,1.1167835698273318,1.689490130229791,1.1782866845470532,0.7499786061169222
2024-04-21,0.9369811321399836,0.9925656385708508,1.968245515425344,0.4366845182760049,1.04001901134249,1.3271223655351052,1.6344694029029057,0.8196618296989975,0.7748372463087273
2024-04-28,0.7608221977486054,0.9377586546814578,1.855998098067012,0.4762968602777718,1.0656851150794264,1.537461161242878,1.57944867557602,0.4610369748509414,0.7996958865005325
2024-05-05,0.5912536018749759,0.8946782384629832,1.7463232229686805,0.5021928090067618,1.0844327798250026,1.662779043973915,1.5304909340666977,0.2370825149827827,0.8020820204843728
2024-05-12,0.4454102246652415,0.8938134658598129,1.645909500006354,0.478709741953756,1.078274064201683,1.4820216399887003,1.5033599415005996,0.4979414770422538,0.7235671321195394
2024-05-19,0.3015439490108312,0.8964666635579185,1.5462675397220285,0.4511117569189166,1.0700398168809553,1.2757579621104649,1.47804784467977,0.799201557595694,0.6383104918923165
2024-05-26,0.1576776733564211,0.8991198612560242,1.4466255794377023,0.4235137718840772,1.0618055695602275,1.0694942842322293,1.452735747858941,1.1004616381491343,0.5530538516650934
2024-06-02,0.0149933972209898,0.9025072943747772,1.3477786993775691,0.3955773305507041,1.0513173336230148,0.8709336371412968,1.428637528742388,1.3963216778589125,0.4705370963128965
2024-06-09,-0.0886848947881369,0.9301244963749116,1.2751694667158084,0.356471831365713,0.9664474733417912,0.9265730060313512,1.4445972738669426,1.513980369727845,0.4784365418365626
2024-06-16,-0.1746331940125799,0.968755229684764,1.214486437416944,0.312289487702714,0.8477677838132901,1.0977578367309442,1.478765184555637,1.5506384489418483,0.5274342604856209
2024-06-23,-0.2605814932370227,1.007385962994617,1.1538034081180792,0.2681071440397147,0.7290880942847889,1.2689426674305375,1.5129330952443314,1.5872965281558515,0.5764319791346793
2024-06-30,-0.3465297924614657,1.0460166963044697,1.0931203788192143,0.2239248003767155,0.6104084047562879,1.4401274981301313,1.5471010059330257,1.6239546073698548,0.6254296977837377
2024-07-07,-0.4134664863275067,1.0483300759160417,1.0613345041385525,0.1445716726130237,0.577593858029447,1.4954842330298397,1.548276891995587,1.492234690182796,0.6526066564932524
2024-07-14,-0.4550543730490113,1.0022203172632391,1.0680781689488277,0.0183241660484083,0.6592661683714862,1.3964035068630358,1.50546341188997,1.1360107777943214,0.6506892686167094
2024-07-21,-0.4966422597705159,0.9561105586104376,1.0748218337591022,-0.1079233405162074,0.7409384787135254,1.2973227806962313,1.462649931784353,0.7797868654058469,0.6487718807401667
2024-07-28,-0.5382301464920206,0.9100007999576352,1.0815654985693768,-0.2341708470808231,0.8226107890555644,1.1982420545294274,1.4198364516787365,0.4235629530173722,0.6468544928636237
2024-08-04,-0.5551240777243233,0.8710271434810176,1.091776003472585,-0.3282090677534947,0.90838737399352,1.1316364162483032,1.3960747409755236,0.1518740378655166,0.6580644274714423
2024-08-11,-0.419738616773213,0.8760594504242044,1.1233653556155494,-0.2236233587591773,1.01947365227296,1.265293819928873,1.4897989415871404,0.4014842723394771,0.7502261840661576
2024-08-18,-0.2596592003329009,0.8882278595435762,1.1584215478514472,-0.0868283638729159,1.134664205148317,1.431426311495123,1.6025749116011616,0.7356295040500566,0.8555152631452343
2024-08-25,-0.0995797838925888,0.9003962686629478,1.193477740087345,0.0499666310133456,1.2498547580236732,1.5975588030613723,1.715350881615184,1.0697747357606362,0.9608043422243112
2024-09-01,0.0604996325477232,0.9125646777823194,1.228533932323243,0.1867616258996067,1.3650453108990297,1.7636912946276222,1.8281268516292055,1.4039199674712155,1.066093421303388
2024-09-08,0.1352442609667457,0.9262270597865432,1.1944918902233148,0.2272291626840422,1.378886995168218,1.7615183089834616,1.7468660484582734,1.3710185550493414,1.0678815068249212
2024-09-15,0.1459877983698012,0.9410099214544064,1.1086261723715176,0.1954511058921079,1.316717027982781,1.6331162154314935,1.5200776653986274,1.0628321595281272,0.9920438471782964
2024-09-22,0.1567313357728564,0.9557927831222692,1.0227604545197202,0.1636730491001739,1.2545470607973426,1.5047141218795252,1.293289282338981,0.754645764006913,0.916206187531672
2024-09-29,0.1674748731759118,0.9705756447901324,0.9368947366679228,0.1318949923082399,1.1923770936119047,1.3763120283275572,1.0665008992793343,0.4464593684856984,0.8403685278850475
2024-10-06,0.1972087976278177,0.9888070410408832,0.8902948504497462,0.0989320753432679,1.1553534591801755,1.338143267114413,0.8839238939230951,0.2247016635535566,0.8060837566188679
2024-10-13,0.2687215735871941,1.014625213373987,0.9300797938255352,0.0633624659976124,1.1736517568066065,1.4984878370466788,0.7986119195143504,0.1930870779173758,0.8632153397896668
2024-10-20,0.3415003753498273,1.0406732880126168,0.972482459310232,0.0277138659737546,1.193626476616617,1.6648479624682,0.7162473702858325,0.1672344049871333,0.923117115519162
2024-10-27,0.4142791771124606,1.0667213626512468,1.014885124794929,-0.0079347340501032,1.213601196426628,1.8312080878897208,0.6338828210573151,0.1413817320568907,0.9830188912486572
2024-11-03,0.4826021338692179,1.0829237076411122,1.0501218219386592,-0.0502933050866729,1.2217210123332385,2.0016764347684144,0.5535134160169496,0.1117717977751465,1.0316441604319335
2024-11-10,0.4974549505554694,0.9809772968458071,0.9993668989907885,-0.1731715282757837,1.087581981399042,2.2214434391331674,0.497085741234411,0.0370747272753842,0.9449513510605858
2024-11-17,0.4974549505554694,0.8462117872212882,0.9247254149063616,-0.3184163215072672,0.913926604120177,2.454904515021826,0.4473085470790474,-0.0501465477293828,0.8206701865351755
2024-11-24,0.4974549505554694,0.7114462775967686,0.850083930821935,-0.4636611147387511,0.7402712268413124,2.6883655909104847,0.3975313529236834,-0.1373678227341499,0.6963890220097652
2024-12-01,0.4974549505554694,0.5766807679722495,0.7754424467375083,-0.6089059079702345,0.5666158495624475,2.921826666799144,0.3477541587683194,-0.2245890977389171,0.5721078574843549
2024-12-08,0.5889289028070767,0.5801837921058715,0.865564717386245,-0.5775689765128696,0.6443707083763551,2.84339166484298,0.4498204788885677,0.0177987971143665,0.5904314945264579
2024-12-15,0.7490083192473888,0.6873882165580992,1.0792598040848538,-0.4137957515388683,0.910683244259842,2.5310346045032004,0.6657694347155253,0.5073935693611885,0.7157087327441963
2024-12-22,0.9090877356877012,0.7945926410103274,1.2929548907834625,-0.250022526564867,1.1769957801433288,2.218677544163421,0.881718390542483,0.9969883416080104,0.8409859709619348
2024-12-29,1.069167152128013,0.9017970654625554,1.5066499774820712,-0.0862493015908653,1.4433083160268154,1.9063204838236416,1.0976673463694406,1.4865831138548324,0.9662632091796736
2025-01-05,1.1936136646182522,0.9861168959660668,1.6617345875265876,0.04667712308885,1.6398756781612995,1.64647432858017,1.2880247475858622,1.8799962363422107,1.0438608499318744
2025-01-12,1.1897817228882286,0.9880521882541988,1.605821481616371,0.0685550667091363,1.585360414799373,1.5756674316834067,1.3862525522043558,1.927155419695592,0.9498119398081404
2025-01-19,1.1752599099731829,0.983122102357716,1.5323252327099266,0.0811789702411376,1.5099215993127453,1.520613806315536,1.4768028904396882,1.945460108121139,0.8414591504447457
2025-01-26,1.1607380970581371,0.978192016461233,1.4588289838034825,0.0938028737731383,1.4344827838261174,1.4655601809476653,1.567353228675021,1.9637647965466865,0.7331063610813506
2025-02-02,1.1499049877514915,0.9755575896744774,1.388057173711983,0.1085608685972809,1.36201674057478,1.4105229411181242,1.6526674582571346,1.9827389598135288,0.6285864137058816
2025-02-09,1.2607990975220482,1.0486799135087157,1.4071918445136602,0.1937438760620914,1.3876521810880231,1.3560264240534778,1.5651901022830363,2.0238057928431155,0.6505502519319736
2025-02-16,1.4270237614186054,1.1562371239888607,1.467193097539509,0.3109382529090239,1.4578792051306213,1.301775690063783,1.39917111651066,2.07491474849213,0.7300067199769565
2025-02-23,1.5932484253151635,1.263794334469005,1.527194350565358,0.4281326297559565,1.5281062291732186,1.247524956074088,1.233152130738284,2.1260237041411463,0.8094631880219397
2025-03-02,1.7559527464700422,1.3663915981076418,1.5859778328968588,0.5406635339965977,1.5948755512398969,1.192270258959747,1.069005703695186,2.174041294390638,0.8852943043361041
2025-03-09,1.802485757149519,1.3053106159765004,1.6045748823148902,0.4992998422296257,1.5475407081012107,1.1038847787320838,0.9666537147182896,2.1200438264558725,0.8414888135332491
2025-03-16,1.7962136267038125,1.1698304312227334,1.6049053713177073,0.3879840613682842,1.4483403353237236,1.0004398516347293,0.8923901066805751,2.019675877528261,0.7433030467681123
2025-03-23,1.7899414962581055,1.034350246468966,1.6052358603205243,0.2766682805069427,1.349139962546236,0.8969949245373746,0.8181264986428607,1.9193079286006507,0.645117280002976
2025-03-30,1.7836693658123992,0.8988700617151989,1.6055663493233414,0.165352499645601,1.249939589768749,0.79354999744002,0.7438628906051461,1.8189399796730403,0.5469315132378393
2025-04-06,1.7043532462932751,0.814906587137612,1.5646243716667492,0.0999699602816547,1.1524099210509575,0.7163831069538921,0.6822053192024701,1.7381046877452735,0.4887783612468177
2025-04-13,1.4643403508126345,0.8442798749476221,1.4328829673594554,0.1356405522119771,1.0585558012644969,0.6970278970124626,0.6482810283968771,1.7002412412171632,0.5186969617588494
2025-04-20,1.219457856060432,0.8770876101027113,1.298390065274868,0.1743733602421259,0.964813061748682,0.6794245561784484,0.6151971400336201,1.663679971822376,0.5512844032558221
2025-04-27,0.97457536130823,0.9098953452578004,1.1638971631902806,0.2131061682722749,0.8710703222328674,0.6618212153444343,0.5821132516703632,1.6271187024275886,0.5838718447527945
2025-05-04,0.7425672821069413,0.935599933334698,1.043973639551346,0.2373402672501926,0.80116762980442,0.6451120485017572,0.5649838021431093,1.5974091702301467,0.6148424950980802
2025-05-11,0.5899514321362872,0.9175017810960824,1.0138946163272715,0.1721656604060192,0.8782785610814038,0.6339169546056601,0.6462400587712059,1.6099520174163335,0.6358429333412963
2025-05-18,0.4502099977165467,0.8923004817792753,0.9983849715488506,0.0924923445096149,0.9792295394457547,0.6236160347009001,0.7434507542353055,1.6293466017998657,0.6552265804328254
2025-05-25,0.3104685632968064,0.8670991824624679,0.9828753267704292,0.0128190286132106,1.0801805178101056,0.6133151147961403,0.8406614496994048,1.6487411861833976,0.6746102275243546
2025-06-01,0.1707271288770659,0.8418978831456606,0.9673656819920076,-0.0668542872831937,1.1811314961744566,0.6030141948913803,0.9378721451635046,1.6681357705669295,0.6939938746158838
2025-06-08,0.0617246288546383,0.9349808822123136,0.9775143937775268,-0.1031112011334324,1.2174588545348812,0.6245470456675245,1.00355110248024,1.725825676835639,0.7055190354364497
2025-06-15,-0.0242236703698044,1.116777105066562,1.0069068729860011,-0.1068058134490468,1.205318497892362,0.6699552244543467,1.045581256186453,1.8122370745182308,0.7111503315537929
2025-06-22,-0.1101719695942474,1.2985733279208105,1.0362993521944757,-0.1105004257646614,1.1931781412498428,0.7153634032411692,1.087611409892666,1.898648472200822,0.7167816276711363
2025-06-29,-0.1961202688186905,1.4803695507750585,1.06569183140295,-0.1141950380802758,1.181037784607323,0.7607715820279916,1.1296415635988784,1.9850598698834137,0.7224129237884797
2025-07-06,-0.2856652885942391,1.566057190752497,1.0875596348590402,-0.1299215321548969,1.158651298378072,0.7819441112834384,1.1070413537872772,2.085143948942425,0.693961968903034
2025-07-13,-0.3831230935822206,1.4403059484009546,1.0928731516598855,-0.1721181660993324,1.1137233270580122,0.7497982115698594,0.9422543442364824,2.2153079270295595,0.5905300618114523
2025-07-20,-0.4808206799402759,1.308147467190958,1.0976850234105722,-0.2151169254943684,1.06811228043217,0.7160366018875219,0.7731586437845012,2.3463834172084552,0.484826004653018
2025-07-27,-0.578518266298331,1.1759889859809618,1.1024968951612584,-0.2581156848894043,1.022501233806328,0.6822749922051844,0.6040629433325194,2.477458907387352,0.3791219474945838
2025-08-03,-0.6582713980191924,1.0527766771452247,1.1055068805701955,-0.2923123798802731,0.9870506897977932,0.6567587171264876,0.4516128756225543,2.597619568970589,0.2868529124950484
2025-08-10,-0.5226910740937282,1.0369184368005984,1.0868942298781412,-0.2208843020211348,1.073526177196946,0.7301864572914792,0.4989104008167887,2.586802287405925,0.3558041434022988
2025-08-17,-0.3272959013776177,1.050880771036836,1.0622752913802562,-0.120116009481439,1.1938700066537904,0.8310986461352732,0.6016933684844114,2.539602243855733,0.4695387815058787
2025-08-24,-0.1319007286615074,1.0648431052730738,1.037656352882371,-0.0193477169417431,1.314213836110634,0.9320108349790672,0.7044763361520342,2.4924022003055404,0.5832734196094587
2025-08-31,0.0634944440546027,1.0788054395093114,1.0130374143844858,0.0814205755979524,1.4345576655674783,1.0329230238228615,0.8072593038196569,2.445202156755348,0.6970080577130384
2025-09-07,0.1751488284638088,1.0867839162157331,0.9989694495285512,0.1390024570492074,1.5033255681142463,1.0905871317336011,0.865992428201156,2.418230703298095,0.7619992794865129
2025-09-14,0.1751488284638088,1.0867839162157331,0.9989694495285512,0.1390024570492074,1.5033255681142463,1.0905871317336011,0.865992428201156,2.418230703298095,0.7619992794865129
2025-09-21,0.1751488284638088,1.0867839162157331,0.9989694495285512,0.1390024570492074,1.5033255681142463,1.0905871317336011,0.865992428201156,2.418230703298095,0.7619992794865129
2025-09-28,0.1751488284638088,1.0867839162157331,0.9989694495285512,0.1390024570492074,1.5033255681142463,1.0905871317336011,0.865992428201156,2.418230703298095,0.7619992794865129
2025-10-05,0.1751488284638088,1.0867839162157331,0.9989694495285512,0.1390024570492074,1.5033255681142463,1.0905871317336011,0.865992428201156,2.418230703298095,0.7619992794865129
2025-10-12,0.1751488284638088,1.0867839162157331,0.9989694495285512,0.1390024570492074,1.5033255681142463,1.0905871317336011,0.865992428201156,2.418230703298095,0.7619992794865129
2025-10-19,0.1751488284638088,1.0867839162157331,0.9989694495285512,0.1390024570492074,1.5033255681142463,1.0905871317336011,0.865992428201156,2.418230703298095,0.7619992794865129
