week_end,goc_long_benchmark,goc_long_benchmark1,goc_2y_benchmark,goc_3y_benchmark,goc_5y_benchmark,goc_7y_benchmark,goc_10y_benchmark,goc_avg_over10y,spread_10y_2y,spread_10y_5y,V39079,AVGINTWO,TBCDN30DMID,TBCDN90DMID,TBCDN180DMID,TBCDN1YMID,FXUSDCAD,FXEURCAD,EURUSD,USDCAD_ret,DGS10,DFF,T10YIE,DTWEXBGS,CPIAUCSL
2021-03-07,1.83,0.1659999999999999,0.264,0.392,0.844,1.088,1.414,1.75,1.15,0.5700000000000001,0.25,0.168,0.102,0.1159999999999999,0.152,0.174,1.26446,1.52008,1.202162722693205,-0.0002664498280304,1.488,0.07,2.198,112.86818,264.847
2021-03-14,1.898,0.19,0.2719999999999999,0.494,0.93,1.206,1.48,1.822,1.208,0.55,0.25,0.18,0.102,0.11,0.156,0.192,1.2597200000000002,1.50092,1.1914855847100714,-0.0027751225781728,1.5699999999999998,0.07,2.244,113.56036,264.847
2021-03-21,2.048,0.292,0.284,0.534,1.01,1.28,1.576,1.962,1.292,0.5660000000000001,0.25,0.152,0.098,0.104,0.146,0.172,1.24728,1.4861,1.1914734405761185,0.0002100952092836,1.664,0.07,2.29,113.0302,264.847
2021-03-28,1.95,0.19,0.242,0.486,0.938,1.196,1.492,1.876,1.25,0.554,0.25,0.148,0.078,0.09,0.13,0.15,1.25646,1.48766,1.184021391274611,0.0011831551637487,1.648,0.07,2.318,113.55108,264.847
2021-04-04,1.962,0.22,0.224,0.484,0.974,1.232,1.526,1.892,1.302,0.552,0.25,0.162,0.068,0.092,0.12,0.148,1.2586,1.47918,1.1752604707248635,-0.0003946418540547,1.722,0.068,2.358,113.89766,265.5582
2021-04-11,1.93,0.2319999999999999,0.2319999999999999,0.488,0.954,1.216,1.502,1.858,1.27,0.548,0.25,0.154,0.078,0.09,0.1159999999999999,0.152,1.25648,1.49106,1.186690516649661,-0.0003289795471411,1.6780000000000002,0.07,2.33,113.22644,266.625
2021-04-18,1.938,0.262,0.252,0.482,0.94,1.218,1.504,1.862,1.252,0.5640000000000001,0.25,0.15,0.076,0.09,0.134,0.152,1.25346,1.49834,1.1953665497839665,-0.0006539666752299,1.624,0.07,2.336,112.83086,266.625
2021-04-25,2.024,0.35,0.306,0.4859999999999999,0.932,1.204,1.516,1.932,1.21,0.584,0.25,0.17,0.074,0.09,0.142,0.202,1.25206,1.5071,1.2036976326107358,-0.0002201825748965,1.582,0.07,2.332,112.19202,266.625
2021-05-02,2.082,0.398,0.316,0.49,0.942,1.23,1.544,1.974,1.228,0.6020000000000001,0.25,0.166,0.07,0.098,0.146,0.184,1.23498,1.49236,1.2084077480587097,-0.0032857925891847,1.628,0.064,2.398,111.87934,266.625
2021-05-09,2.066,0.3379999999999999,0.3,0.488,0.908,1.184,1.512,1.956,1.212,0.604,0.25,0.178,0.064,0.106,0.142,0.1659999999999999,1.22444,1.47612,1.2055660168816813,-0.0021043628367918,1.602,0.06,2.45,111.87466,266.625
2021-05-16,2.16,0.314,0.312,0.508,0.928,1.22,1.55,2.018,1.238,0.6220000000000001,0.25,0.186,0.072,0.102,0.134,0.18,1.2109200000000002,1.46822,1.2124868785818192,-0.0007691238296208,1.65,0.06,2.526,111.20774,266.625
2021-05-23,2.17,0.312,0.328,0.528,0.946,1.222,1.558,2.03,1.23,0.6120000000000001,0.25,0.188,0.1159999999999999,0.09,0.122,0.18,1.20726,1.47224,1.2194895248323203,-0.0007909008841482,1.6439999999999997,0.06,2.476,110.95494,266.625
2021-05-30,2.076,0.242,0.316,0.504,0.8960000000000001,1.17,1.486,1.944,1.17,0.59,0.25,0.184,0.078,0.1,0.13,0.186,1.20774,1.47382,1.2203132538708483,0.0002679891151295,1.588,0.0579999999999999,2.42,110.8633,266.625
2021-06-06,2.02,0.204,0.318,0.508,0.898,1.186,1.492,1.926,1.174,0.594,0.25,0.19,0.098,0.12,0.146,0.204,1.20702,1.4715,1.2191242075805833,-3.012906437373994e-05,1.596,0.0579999999999999,2.428,110.76728,269.893
2021-06-13,1.958,0.15,0.316,0.49,0.8480000000000001,1.11,1.418,1.87,1.102,0.57,0.25,0.178,0.098,0.1139999999999999,0.158,0.198,1.21014,1.4724,1.216724578086855,0.0010589254468065,1.504,0.06,2.348,110.6865,270.71
2021-06-20,1.915,0.1125,0.3625,0.5425,0.895,1.1125,1.395,1.825,1.0325,0.4999999999999999,0.25,0.1775,0.1,0.12,0.155,0.2125,1.2235,1.474625,1.205342278424134,0.0024652833583393,1.51,0.07,2.325,111.630425,270.71
2021-06-27,1.86,0.118,0.428,0.614,0.972,1.172,1.418,1.794,0.99,0.4459999999999999,0.25,0.176,0.132,0.134,0.172,0.228,1.2326,1.47052,1.193026819129587,-0.0020178035850104,1.502,0.1,2.308,112.49652,270.71
2021-07-04,1.852,0.12,0.446,0.644,0.972,1.156,1.396,1.782,0.95,0.4239999999999999,0.25,0.162,0.14,0.142,0.174,0.224,1.2372,1.46956,1.1878140383773017,0.0011228662194351,1.47,0.096,2.33,112.43252,271.212
2021-07-11,1.7899999999999998,0.094,0.472,0.66,0.94,1.114,1.318,1.718,0.8460000000000001,0.378,0.25,0.178,0.156,0.148,0.184,0.242,1.2456,1.47504,1.1842041935123837,0.0019944218668047,1.362,0.1,2.284,112.91152,271.965
2021-07-18,1.8060000000000005,0.118,0.4559999999999999,0.64,0.908,1.09,1.29,1.7280000000000002,0.834,0.382,0.25,0.196,0.162,0.15,0.192,0.262,1.2529400000000002,1.48112,1.1821211719761897,0.0018721140683752,1.358,0.1,2.336,112.9473,271.965
2021-07-25,1.7633333333333334,0.1033333333333333,0.4533333333333333,0.56,0.7799999999999999,0.9666666666666668,1.19,1.6766666666666663,0.7366666666666667,0.4099999999999999,0.25,0.1833333333333333,0.1399999999999999,0.17,0.1833333333333333,0.2733333333333334,1.2624,1.4863666666666664,1.1774136706228793,-0.0011279583008558,1.2666666666666666,0.1,2.2966666666666664,113.56186666666667,271.965
2021-08-01,1.755,0.0475,0.45,0.5475000000000001,0.79,0.9625,1.1875,1.6675,0.7375,0.3974999999999999,0.25,0.19,0.155,0.17,0.185,0.275,1.253875,1.4828,1.1825817635782307,6.328883771044994e-05,1.26,0.0925,2.3975,113.084075,271.965
2021-08-08,1.72,0.054,0.4519999999999999,0.542,0.8099999999999999,0.96,1.17,1.642,0.718,0.36,0.25,0.192,0.162,0.174,0.19,0.274,1.25198,1.48216,1.1838571279203252,0.001607778965885,1.224,0.1,2.3600000000000003,112.90294,271.965
2021-08-15,1.796,0.126,0.4679999999999999,0.584,0.8800000000000001,1.038,1.244,1.714,0.776,0.364,0.25,0.2,0.158,0.168,0.186,0.26,1.2529,1.47166,1.1746038179167422,-0.0005731058019201,1.338,0.1,2.394,113.32204000000002,271.965
2021-08-22,1.735,0.0875,0.44,0.5525,0.8125,0.9525,1.1525,1.645,0.7124999999999999,0.3399999999999998,0.25,0.1975,0.1699999999999999,0.1825,0.19,0.2575,1.26695,1.4854,1.1724449558328336,0.0035622580677565,1.2625,0.095,2.32,113.755275,271.965
2021-08-29,1.78,0.1124999999999999,0.4475,0.56,0.8525,1.0075,1.215,1.69,0.7675000000000001,0.3625,0.25,0.2,0.195,0.18,0.1775,0.27,1.262825,1.4852,1.1760925547455814,-0.0009228608482627,1.3225,0.0875,2.3425,113.6205,271.965
2021-09-05,1.748,0.054,0.412,0.51,0.798,0.966,1.184,1.6619999999999997,0.772,0.3859999999999999,0.25,0.184,0.186,0.154,0.182,0.26,1.25836,1.48998,1.1840727873000958,-0.001857149965579,1.304,0.076,2.34,112.92226,273.1512
2021-09-12,1.77,0.028,0.398,0.496,0.8019999999999999,0.984,1.204,1.684,0.8059999999999998,0.4019999999999999,0.25,0.18,0.182,0.148,0.17,0.264,1.262,1.49434,1.1841148975808755,0.0009316688512917,1.342,0.08,2.372,112.9587,273.942
2021-09-19,1.7760000000000002,0.0339999999999999,0.426,0.524,0.8400000000000001,1.008,1.226,1.6939999999999995,0.8,0.386,0.25,0.178,0.196,0.136,0.17,0.27,1.26738,1.49388,1.178720383233742,0.001422378624128,1.326,0.08,2.346,113.19282,273.942
2021-09-26,1.804,0.086,0.462,0.5800000000000001,0.93,1.062,1.2719999999999998,1.734,0.8099999999999999,0.3419999999999999,0.25,0.172,0.196,0.12,0.162,0.266,1.2743600000000002,1.49442,1.1726836239712228,-0.0006299166018682,1.368,0.08,2.302,113.7401,273.942
2021-10-03,1.96,0.216,0.514,0.654,1.088,1.218,1.48,1.896,0.966,0.3919999999999999,0.25,0.178,0.184,0.126,0.164,0.292,1.26906,1.47754,1.164286253953862,0.0005609281654158,1.514,0.076,2.37,114.35394,274.4592
2021-10-10,2.018,0.2339999999999999,0.588,0.688,1.12,1.266,1.54,1.95,0.952,0.42,0.25,0.18,0.128,0.118,0.162,0.296,1.25622,1.45466,1.157965340496123,-0.0027274566249735,1.55,0.08,2.444,114.5034,276.528
2021-10-17,2.022,0.198,0.734,0.8039999999999999,1.224,1.35,1.592,1.964,0.858,0.3680000000000001,0.25,0.182,0.1399999999999999,0.118,0.168,0.39,1.24278,1.43838,1.1573951155196804,-0.0028636727434797,1.574,0.08,2.518,114.43632,276.528
2021-10-24,2.024,0.182,0.834,0.904,1.314,1.426,1.634,1.972,0.8,0.3199999999999998,0.25,0.192,0.154,0.118,0.2,0.496,1.23538,1.43726,1.1634165994461252,-0.0003546788237285,1.646,0.08,2.586,113.69954,276.528
2021-10-31,1.99,0.172,0.974,1.034,1.402,1.486,1.652,1.944,0.6779999999999999,0.2499999999999999,0.25,0.19,0.158,0.13,0.244,0.634,1.23692,1.4363800000000002,1.1612580955508929,0.0004379115952814,1.586,0.078,2.616,113.70794,276.528
2021-11-07,2.022,0.266,1.008,1.082,1.436,1.508,1.6800000000000002,1.97,0.6719999999999999,0.244,0.25,0.184,0.1699999999999999,0.14,0.296,0.694,1.2418,1.43686,1.1570825338876551,0.0010969783949019,1.544,0.08,2.528,114.27094,278.824
2021-11-14,1.9875,0.105,0.9675,1.0625,1.4275,1.49,1.645,1.9325,0.6775,0.2174999999999999,0.25,0.1975,0.1475,0.135,0.2875,0.6475,1.245025,1.43835,1.1552784906840148,8.035515802437604e-05,1.5225,0.08,2.6625,113.983975,278.824
2021-11-21,2.056,0.118,1.0,1.118,1.488,1.562,1.7079999999999995,2.008,0.708,0.2199999999999999,0.25,0.184,0.106,0.1159999999999999,0.352,0.716,1.25832,1.4274,1.1343799889495585,0.0011784730593312,1.598,0.08,2.714,115.02024000000002,278.824
2021-11-28,2.0925,0.1699999999999999,1.045,1.17,1.565,1.625,1.7775,2.0525,0.7324999999999999,0.2124999999999999,0.25,0.145,0.11,0.09,0.3275,0.7475,1.26795,1.423725,1.1228534410760331,0.000299513061776,1.645,0.08,2.6125,116.064625,278.824
2021-12-05,1.836,-0.0419999999999999,0.97,1.056,1.37,1.396,1.526,1.804,0.556,0.1559999999999999,0.25,0.146,0.048,0.05,0.224,0.6900000000000001,1.2792,1.44662,1.1308774487158402,0.000642612086828,1.434,0.078,2.476,116.20032,280.0132
2021-12-12,1.815,-0.0825,1.025,1.105,1.3775,1.385,1.51,1.79,0.485,0.1324999999999999,0.25,0.095,0.025,0.02,0.275,0.745,1.2709,1.43665,1.1304257044489785,0.0004426961189857,1.48,0.08,2.4675,115.749,280.806
2021-12-19,1.7259999999999998,-0.0679999999999999,0.926,0.998,1.232,1.244,1.382,1.702,0.4559999999999999,0.1499999999999999,0.25,0.072,0.042,0.034,0.228,0.6859999999999999,1.28314,1.44818,1.1286277765906083,0.0020825230247384,1.436,0.08,2.3920000000000003,116.01378,280.806
2021-12-26,1.7440000000000002,-0.026,0.966,1.034,1.26,1.28,1.428,1.7280000000000002,0.4619999999999999,0.1679999999999999,0.25,0.102,0.144,0.108,0.358,0.748,1.28726,1.45526,1.1305169341153325,-0.0005049805500488,1.474,0.08,2.448,115.79928,280.806
2022-01-02,1.736,-0.062,0.976,1.046,1.278,1.298,1.452,1.722,0.476,0.1739999999999999,0.25,0.122,0.066,0.16,0.384,0.754,1.27768,1.44748,1.1329013888840245,-0.0022056050925672,1.512,0.078,2.534,115.3781,280.806
2022-01-09,1.85,0.046,1.028,1.108,1.412,1.452,1.612,1.84,0.584,0.1999999999999999,0.25,0.124,0.082,0.186,0.4519999999999999,0.8240000000000001,1.2702,1.43824,1.132297780625693,-0.0017190767744617,1.698,0.08,2.528,115.2763,280.806
2022-01-16,1.972,0.208,1.104,1.2,1.518,1.564,1.7239999999999998,1.96,0.6199999999999999,0.2059999999999999,0.25,0.178,0.12,0.242,0.55,0.928,1.25648,1.4319000000000002,1.139641445021914,-0.0019077372401896,1.75,0.08,2.474,114.60864,280.806
2022-01-23,2.054,0.306,1.256,1.382,1.656,1.7,1.832,2.05,0.576,0.176,0.25,0.176,0.27,0.412,0.6799999999999999,1.042,1.2512,1.42072,1.135484490663521,4.7584306352200375e-06,1.812,0.08,2.394,114.5755,280.806
2022-01-30,2.03,0.3025,1.255,1.41,1.6475,1.6675,1.795,2.03,0.54,0.1475,0.25,0.16,0.2,0.33,0.61,0.9875,1.267975,1.422075,1.1215644868308725,0.0022935158224086,1.805,0.08,2.4075,115.579675,280.806
2022-02-06,2.068,0.384,1.29,1.416,1.65,1.662,1.798,2.064,0.508,0.148,0.25,0.13,0.13,0.29,0.622,1.026,1.27054,1.43914,1.132693270488384,-0.0002131879702493,1.826,0.08,2.414,115.23616,283.7812
2022-02-13,2.14,0.48,1.402,1.494,1.716,1.732,1.868,2.136,0.466,0.152,0.25,0.18,0.15,0.294,0.702,1.126,1.26922,1.44978,1.142262069418165,-0.0008757453405428,1.954,0.08,2.4240000000000004,114.87288,284.525
2022-02-20,2.188,0.534,1.518,1.598,1.7740000000000002,1.786,1.924,2.188,0.4059999999999998,0.1499999999999999,0.25,0.182,0.172,0.34,0.808,1.238,1.27188,1.44322,1.134717264765825,0.0005068923191513,1.99,0.08,2.452,114.8635,284.525
2022-02-27,2.185,0.525,1.53,1.61,1.7475,1.7625,1.915,2.1875,0.3849999999999999,0.1674999999999999,0.25,0.19,0.1575,0.36,0.8025,1.255,1.27355,1.44035,1.1309739393150484,-0.0012017703381492,1.955,0.08,2.4825,114.861025,284.525
2022-03-06,2.028,0.262,1.422,1.47,1.556,1.582,1.7600000000000002,2.034,0.338,0.2039999999999999,0.35,0.2799999999999999,0.296,0.502,0.8,1.214,1.26976,1.40764,1.1086000405085916,5.420148538704018e-05,1.802,0.08,2.662,115.88616,286.8786
2022-03-13,2.17,0.282,1.516,1.542,1.654,1.684,1.874,2.17,0.358,0.2199999999999999,0.5,0.422,0.392,0.552,0.8400000000000001,1.29,1.27914,1.40176,1.0958605111394926,-0.0004609854079729,1.912,0.08,2.862,117.07076,287.467
2022-03-20,2.416,0.4939999999999999,1.848,1.862,1.994,2.012,2.18,2.414,0.3320000000000001,0.186,0.5,0.43,0.414,0.5599999999999999,0.996,1.544,1.27138,1.40008,1.101252075512574,-0.0016157913944251,2.164,0.18,2.868,116.68506,287.467
2022-03-27,2.492,0.608,2.13,2.152,2.28,2.294,2.4,2.512,0.2700000000000001,0.1199999999999999,0.5,0.44,0.3419999999999999,0.536,1.048,1.7,1.25598,1.38272,1.1009061705844392,-0.001829129342068,2.368,0.33,2.9240000000000004,115.9612,287.467
2022-04-03,2.418,0.5820000000000001,2.322,2.33,2.436,2.4200000000000004,2.45,2.46,0.128,0.0139999999999999,0.5,0.438,0.362,0.6,1.1960000000000002,1.88,1.25056,1.38446,1.1070822906925517,0.0001631057505777,2.386,0.33,2.862,115.51238,287.68999999999994
2022-04-10,2.474,0.658,2.368,2.398,2.514,2.494,2.5420000000000003,2.516,0.1739999999999999,0.028,0.5,0.448,0.5519999999999999,0.818,1.326,1.95,1.25246,1.36738,1.0917676098627482,0.0012340926825559,2.59,0.33,2.832,115.98420000000002,288.582
2022-04-17,2.66,0.79,2.39,2.4400000000000004,2.574,2.572,2.7,2.6900000000000004,0.31,0.126,0.7,0.65,0.826,0.962,1.454,2.014,1.2609400000000002,1.36792,1.0848399763170296,9.610719590108002e-05,2.774,0.33,2.87,116.53298,288.582
2022-04-24,2.78,0.85,2.526666666666667,2.583333333333333,2.7099999999999995,2.7100000000000004,2.833333333333333,2.813333333333333,0.3066666666666666,0.1233333333333333,1.0,0.9266666666666667,0.8433333333333333,1.086666666666667,1.5566666666666666,2.14,1.2590333333333332,1.3614333333333333,1.081343068721014,0.0013280883025448,2.893333333333333,0.33,2.956666666666667,117.0401,288.582
2022-05-01,2.75,0.84,2.51,2.56,2.6500000000000004,2.635,2.76,2.78,0.25,0.1099999999999998,1.0,0.92,0.86,1.315,1.74,2.29,1.2777500000000002,1.36575,1.0688756420378596,0.0037328299989616,2.79,0.33,2.88,118.7978,288.582
2022-05-08,3.04,1.19,2.69,2.75,2.88,2.93,3.11,3.08,0.4199999999999999,0.2299999999999999,1.0,0.96,0.89,1.41,1.98,2.37,1.2882,1.3612,1.0566682192206178,0.0046794571829666,3.12,0.83,2.86,119.8544,288.582
2022-05-15,2.9633333333333334,1.17,2.6666666666666665,2.6966666666666668,2.776666666666667,2.8366666666666664,3.0,3.0033333333333334,0.3333333333333333,0.2233333333333334,1.0,0.9566666666666668,0.8933333333333334,1.37,1.9466666666666663,2.4166666666666665,1.2981999999999998,1.3689,1.0544605603621842,0.0022800808018505,2.983333333333333,0.83,2.7,120.55203333333334,288.582
2022-05-22,2.9633333333333334,1.17,2.6666666666666665,2.6966666666666668,2.776666666666667,2.8366666666666664,3.0,3.0033333333333334,0.3333333333333333,0.2233333333333334,1.0,0.9566666666666668,0.8933333333333334,1.37,1.9466666666666663,2.4166666666666665,1.2981999999999998,1.3689,1.0544605603621842,0.0022800808018505,2.983333333333333,0.83,2.7,120.55203333333334,288.582
2022-05-29,2.818,1.082,2.586,2.592,2.654,2.692,2.826,2.858,0.24,0.1719999999999998,1.0,0.96,0.91,1.372,1.898,2.39,1.2832599999999998,1.3697,1.0673988227863744,-0.0020661764598058,2.772,0.8299999999999998,2.592,118.66712,288.582
2022-06-05,2.8,1.07,2.6,2.6,2.66,2.7,2.83,2.84,0.2299999999999999,0.1699999999999999,1.0,0.96,0.87,1.46,1.98,2.37,1.2662,1.3644,1.0775548886431845,-0.0059663997487832,2.74,0.83,2.63,118.2796,288.582
2022-06-12,2.8,1.07,2.6,2.6,2.66,2.7,2.83,2.84,0.2299999999999999,0.1699999999999999,1.0,0.96,0.87,1.46,1.98,2.37,1.2662,1.3644,1.0775548886431845,-0.0059663997487832,2.74,0.83,2.63,118.2796,288.582
2022-06-19,3.3,1.51,3.24,3.24,3.32,3.34,3.41,3.35,0.1699999999999999,0.0900000000000003,1.5,1.46,1.42,1.96,2.48,3.06,1.3035,1.3662,1.0481012658227848,0.0082766089108912,3.25,1.58,2.58,121.2389,295.072
2022-06-26,3.322,1.496,3.224,3.246,3.286,3.3160000000000003,3.398,3.3600000000000003,0.1739999999999998,0.1119999999999998,1.5,1.46,1.416,1.972,2.504,3.092,1.2956,1.36534,1.053831433273853,-0.0015651879174623,3.188,1.58,2.558,120.73248,295.072
2022-07-03,3.35,1.5,3.17,3.21,3.24,3.3,3.38,3.38,0.2099999999999999,0.1399999999999996,1.5,1.46,1.42,2.09,2.65,3.07,1.2887,1.3644,1.058741367269341,-0.0035567927008427,3.04,1.58,2.445,120.8456,295.006
2022-07-10,3.35,1.5,3.17,3.21,3.24,3.3,3.38,3.38,0.2099999999999999,0.1399999999999996,1.5,1.46,1.42,2.09,2.65,3.07,1.2887,1.3644,1.058741367269341,-0.0035567927008427,3.04,1.58,2.445,120.8456,295.006
2022-07-17,3.35,1.5,3.17,3.21,3.24,3.3,3.38,3.38,0.2099999999999999,0.1399999999999996,1.5,1.46,1.42,2.09,2.65,3.07,1.2887,1.3644,1.058741367269341,-0.0035567927008427,3.04,1.58,2.445,120.8456,295.006
2022-07-24,3.35,1.5,3.17,3.21,3.24,3.3,3.38,3.38,0.2099999999999999,0.1399999999999996,1.5,1.46,1.42,2.09,2.65,3.07,1.2887,1.3644,1.058741367269341,-0.0035567927008427,3.04,1.58,2.445,120.8456,295.006
2022-07-31,3.35,1.5,3.17,3.21,3.24,3.3,3.38,3.38,0.2099999999999999,0.1399999999999996,1.5,1.46,1.42,2.09,2.65,3.07,1.2887,1.3644,1.058741367269341,-0.0035567927008427,3.04,1.58,2.445,120.8456,295.006
2022-08-07,3.35,1.5,3.17,3.21,3.24,3.3,3.38,3.38,0.2099999999999999,0.1399999999999996,2.5,1.46,1.42,2.09,2.65,3.07,1.2887,1.3644,1.058741367269341,-0.0035567927008427,2.6,2.33,2.51,121.4218,295.162
2022-08-14,3.35,1.5,3.17,3.21,3.24,3.3,3.38,3.38,0.2099999999999999,0.1399999999999996,2.5,1.46,1.42,2.09,2.65,3.07,1.2887,1.3644,1.058741367269341,-0.0035567927008427,2.6,2.33,2.51,121.4218,295.162
2022-08-21,3.35,1.5,3.17,3.21,3.24,3.3,3.38,3.38,0.2099999999999999,0.1399999999999996,2.5,1.46,1.42,2.09,2.65,3.07,1.2887,1.3644,1.058741367269341,-0.0035567927008427,2.6,2.33,2.51,121.4218,295.162
2022-08-28,3.35,1.5,3.17,3.21,3.24,3.3,3.38,3.38,0.2099999999999999,0.1399999999999996,2.5,1.46,1.42,2.09,2.65,3.07,1.2887,1.3644,1.058741367269341,-0.0035567927008427,2.6,2.33,2.51,121.4218,295.162
2022-09-04,3.35,1.5,3.17,3.21,3.24,3.3,3.38,3.38,0.2099999999999999,0.1399999999999996,2.5,1.46,1.42,2.09,2.65,3.07,1.2887,1.3644,1.058741367269341,-0.0035567927008427,2.6,2.33,2.51,121.4218,295.162
2022-09-11,3.35,1.5,3.17,3.21,3.24,3.3,3.38,3.38,0.2099999999999999,0.1399999999999996,2.5,1.46,1.42,2.09,2.65,3.07,1.2887,1.3644,1.058741367269341,-0.0035567927008427,3.2,2.33,2.47,123.7771,296.421
2022-09-18,3.35,1.5,3.17,3.21,3.24,3.3,3.38,3.38,0.2099999999999999,0.1399999999999996,2.5,1.46,1.42,2.09,2.65,3.07,1.2887,1.3644,1.058741367269341,-0.0035567927008427,3.2,2.33,2.47,123.7771,296.421
2022-09-25,3.35,1.5,3.17,3.21,3.24,3.3,3.38,3.38,0.2099999999999999,0.1399999999999996,2.5,1.46,1.42,2.09,2.65,3.07,1.2887,1.3644,1.058741367269341,-0.0035567927008427,3.2,2.33,2.47,123.7771,296.421
2022-10-02,3.35,1.5,3.17,3.21,3.24,3.3,3.38,3.38,0.2099999999999999,0.1399999999999996,2.5,1.46,1.42,2.09,2.65,3.07,1.2887,1.3644,1.058741367269341,-0.0035567927008427,3.83,3.08,2.15,127.5159,296.421
2022-10-09,3.35,1.5,3.17,3.21,3.24,3.3,3.38,3.38,0.2099999999999999,0.1399999999999996,2.5,1.46,1.42,2.09,2.65,3.07,1.2887,1.3644,1.058741367269341,-0.0035567927008427,3.83,3.08,2.15,127.5159,296.421
2022-10-16,3.35,1.5,3.17,3.21,3.24,3.3,3.38,3.38,0.2099999999999999,0.1399999999999996,3.25,1.46,1.42,2.09,2.65,3.07,1.2887,1.3644,1.058741367269341,-0.0035567927008427,3.89,3.08,2.27,127.3093,296.421
2022-10-23,3.35,1.5,3.17,3.21,3.24,3.3,3.38,3.38,0.2099999999999999,0.1399999999999996,3.25,1.46,1.42,2.09,2.65,3.07,1.2887,1.3644,1.058741367269341,-0.0035567927008427,3.89,3.08,2.27,127.3093,296.421
2022-10-30,3.42,1.39,3.87,3.82,3.41,3.27,3.28,3.43,-0.5900000000000003,-0.1300000000000003,3.25,3.25,3.71,3.86,4.05,4.2,1.3565,1.364,1.00552893475857,-0.005352691010412,4.04,3.08,2.44,126.481,296.421
2022-11-06,3.42,1.39,3.87,3.82,3.41,3.27,3.28,3.43,-0.5900000000000003,-0.1300000000000003,3.25,3.25,3.71,3.86,4.05,4.2,1.3565,1.364,1.00552893475857,-0.005352691010412,4.04,3.08,2.44,126.481,296.421
2022-11-13,3.42,1.39,3.87,3.82,3.41,3.27,3.28,3.43,-0.5900000000000003,-0.1300000000000003,3.75,3.25,3.71,3.86,4.05,4.2,1.3565,1.364,1.00552893475857,-0.005352691010412,3.82,3.83,2.39,124.7142,298.708
2022-11-20,3.2060000000000004,1.226,3.894,3.808,3.318,3.118,3.1100000000000003,3.224,-0.784,-0.2079999999999998,3.75,3.7599999999999993,3.5840000000000005,3.99,4.176,4.306,1.33248,1.38014,1.0357699757912109,0.0001109629245613,3.788,3.83,2.308,123.5306,298.708
2022-11-27,3.016,1.144,3.908,3.682,3.222,2.98,2.984,3.0420000000000003,-0.924,-0.2379999999999999,3.75,3.7599999999999993,3.616,4.002,4.24,4.368,1.3391,1.38448,1.0339044811034843,-0.000112844902463,3.738,3.83,2.318,123.97356,298.708
2022-12-04,2.9075,1.02,3.8375,3.5775,3.1025,2.8475,2.8775,2.93,-0.96,-0.2249999999999999,3.75,3.76,3.72,4.035,4.21,4.33,1.34655,1.40575,1.043972986514134,-0.0006051866540354,3.6025,3.83,2.3475,122.79555,298.75800000000004
2022-12-11,2.778,0.8779999999999999,3.806,3.5200000000000005,3.02,2.774,2.804,2.814,-1.002,-0.2159999999999999,3.95,3.956,3.926,4.076,4.236,4.311999999999999,1.36066,1.43178,1.0522709033064412,0.0024041355289394,3.516,3.83,2.3,122.66328,298.808
2022-12-18,2.848,0.948,3.738,3.462,2.972,2.772,2.834,2.884,-0.904,-0.1379999999999999,4.25,4.266,4.029999999999999,4.136,4.224,4.324,1.36186,1.44564,1.0615275855902395,0.0008463806077404,3.506,4.029999999999999,2.2,122.34454,298.808
2022-12-25,3.06,1.094,3.770000000000001,3.526,3.102,2.95,3.036,3.092,-0.7340000000000001,-0.0659999999999999,4.25,4.267999999999999,4.118,4.178,4.332,4.4,1.3629,1.4461400000000002,1.0610766691311124,-0.0012274593241268,3.672,4.33,2.21,122.24546,298.808
2023-01-01,3.224,1.178,3.99,3.744,3.33,3.184,3.24,3.258,-0.7499999999999999,-0.09,4.25,4.272,4.116,4.226000000000001,4.394,4.48,1.35744,1.4444199999999998,1.0640806208881604,-0.0024208649034839,3.836,4.33,2.262,121.77636,298.808
2023-01-08,3.1825,1.135,4.02,3.765,3.3275,3.1675,3.1925,3.2125000000000004,-0.8275,-0.1350000000000001,4.25,4.265,4.13,4.2275,4.4575,4.5175,1.3563,1.43665,1.0592521444787983,0.0014633180946939,3.7325,4.33,2.2475,121.6709,298.808
2023-01-15,3.022,1.04,3.838,3.586,3.12,2.952,2.996,3.044,-0.8420000000000002,-0.124,4.25,4.25,4.204,4.322,4.462,4.506,1.34012,1.44384,1.0773980261066591,-0.00118045492549,3.5200000000000005,4.33,2.216,119.81436,298.808
2023-01-22,2.89,1.032,3.54,3.3280000000000003,2.884,2.734,2.802,2.904,-0.7379999999999999,-0.0819999999999998,4.25,4.25,4.308,4.36,4.44,4.452,1.34238,1.45252,1.0820480616762584,0.0002271023025695,3.4520000000000004,4.33,2.18,119.28058,298.808
2023-01-29,2.95,1.12,3.632,3.37,2.948,2.8,2.85,2.964,-0.7820000000000001,-0.098,4.35,4.358,4.2780000000000005,4.359999999999999,4.426,4.412,1.33616,1.45322,1.0876078469665544,-0.00159791379415,3.49,4.33,2.3,119.05576,298.808
2023-02-05,2.96,1.106,3.726,3.4520000000000004,2.996,2.842,2.89,2.974,-0.836,-0.1059999999999999,4.5,4.51,4.366,4.36,4.47,4.476000000000001,1.3346,1.4523199999999998,1.088213505729542,0.0011583846858461,3.478,4.43,2.244,118.87778,300.4088
2023-02-12,3.108,1.204,3.978,3.666,3.208,3.044,3.07,3.128,-0.908,-0.138,4.5,4.51,4.382,4.436,4.5280000000000005,4.556,1.3419,1.4386,1.0720580345812758,-0.0004297491774732,3.668,4.578,2.3120000000000003,120.2224,301.476
2023-02-19,3.214,1.26,4.144,3.846,3.398000000000001,3.224,3.228,3.246,-0.916,-0.17,4.5,4.506,4.416,4.494,4.593999999999999,4.694,1.3405,1.43386,1.069654534065029,0.001866630741308,3.796,4.58,2.34,120.31528,301.476
2023-02-26,3.282,1.33,4.212000000000001,3.946,3.532,3.3600000000000003,3.3600000000000003,3.3280000000000003,-0.8520000000000003,-0.1719999999999999,4.5,4.5,4.39,4.504,4.561999999999999,4.656000000000001,1.35432,1.4384,1.0620969236884117,0.0027100641911398,3.906,4.58,2.3920000000000003,120.98958,301.476
2023-03-05,3.246,1.336,4.252,3.99,3.5780000000000003,3.402,3.386,3.306,-0.8659999999999997,-0.1919999999999998,4.5,4.5,4.386,4.472,4.534000000000001,4.644,1.36036,1.4442,1.0616295661240145,-0.0001742482980501,3.98,4.572,2.446,121.12212,301.5762
2023-03-12,3.064,1.254,4.196,3.93,3.442,3.242,3.218,3.13,-0.978,-0.224,4.5,4.5,4.372,4.482,4.529999999999999,4.608,1.37428,1.45786,1.0608305836277951,0.0028823913286024,3.912,4.57,2.35,121.28992,301.643
2023-03-19,2.866,1.16,3.606,3.38,2.94,2.786,2.814,2.896,-0.792,-0.1259999999999999,4.5,4.5,4.351999999999999,4.34,4.232,4.114,1.37326,1.4627599999999998,1.0651870113388433,-0.0010495347002901,3.53,4.58,2.232,121.48518,301.643
2023-03-26,2.934,1.258,3.532,3.308,2.8440000000000003,2.724,2.774,2.938,-0.758,-0.0699999999999999,4.5,4.5,4.29,4.322,4.2700000000000005,4.16,1.37052,1.47824,1.0786018898122371,0.0004297488161321,3.46,4.68,2.212,120.6067,301.643
2023-04-02,3.032,1.348,3.71,3.49,3.018,2.876,2.918,3.0460000000000003,-0.7919999999999999,-0.0999999999999998,4.5,4.5,4.262,4.322,4.354,4.282,1.359,1.47414,1.0847391853254162,-0.0033630246472702,3.536,4.83,2.308,119.78326,301.643
2023-04-09,2.944,1.326,3.592,3.37,2.8920000000000003,2.736,2.794,2.9560000000000004,-0.7979999999999999,-0.0979999999999999,4.5,4.5,4.252,4.36,4.336,4.26,1.34596,1.4694,1.0917107794360064,-0.000497084455845,3.354,4.83,2.252,119.39906,301.643
2023-04-16,3.036,1.388,3.788,3.584,3.092,2.898,2.934,3.054,-0.8539999999999999,-0.1579999999999999,4.5,4.5,4.246,4.356,4.41,4.404000000000001,1.34356,1.47244,1.0959571107735833,-0.0017213742675935,3.444,4.83,2.284,119.23836,301.643
2023-04-23,3.106,1.398,3.828,3.696,3.196,2.994,3.016,3.124,-0.8119999999999999,-0.1799999999999999,4.5,4.5,4.266,4.388,4.502,4.486,1.3447600000000002,1.4738,1.0959531819315635,0.0026375840694653,3.5780000000000003,4.83,2.284,119.354,301.643
2023-04-30,2.982,1.316,3.66,3.526,3.008,2.836,2.87,2.992,-0.7899999999999999,-0.1379999999999999,4.5,4.5,4.254,4.376,4.48,4.424,1.3596,1.49818,1.101928070883038,0.0005795718723582,3.464,4.83,2.246,119.50618,301.643
2023-05-07,2.9825,1.335,3.63,3.48,2.95,2.795,2.8375,2.9775,-0.7925,-0.1125000000000001,4.5,4.5,4.275,4.407500000000001,4.4025,4.3925,1.35865,1.49585,1.1009805824712973,-0.000215136555384,3.445,4.8925,2.205,119.4508,303.316
2023-05-14,3.034,1.348,3.718,3.568,3.018,2.872,2.898,3.038,-0.82,-0.12,4.5,4.5,4.282,4.398000000000001,4.414,4.382,1.3425999999999998,1.46992,1.0948571839048618,0.0015988744392244,3.466,5.08,2.194,119.03848,303.316
2023-05-21,3.106,1.334,3.972,3.732,3.246,3.08,3.076,3.132,-0.8960000000000001,-0.1699999999999999,4.5,4.5,4.442,4.452,4.504,4.564,1.34818,1.46036,1.083211871380896,-0.000456107142288,3.592,5.08,2.214,119.7365,303.316
2023-05-28,3.248,1.45,4.158,3.804,3.45,3.254,3.246,3.28,-0.9120000000000004,-0.204,4.5,4.5,4.684,4.51,4.604,4.634,1.3568000000000002,1.45978,1.0759110728810295,0.0018184580027567,3.756,5.08,2.246,120.64302,303.316
2023-06-04,3.1950000000000003,1.4025,4.2675,3.8925,3.505,3.28,3.2475,3.23,-1.02,-0.2574999999999999,4.5,4.5,4.6025,4.5875,4.675,4.7325,1.355725,1.4517,1.070798568874372,-0.0012381875626029,3.705,5.08,2.2025,120.72595,303.51175
2023-06-11,3.236,1.446,4.465999999999999,4.058,3.636,3.402,3.3519999999999994,3.28,-1.1140000000000003,-0.2840000000000001,4.6,4.6,4.62,4.744,4.843999999999999,4.952,1.33856,1.43558,1.0724879976422623,-0.0014027506780948,3.732,5.08,2.2,119.99648,304.099
2023-06-18,3.26,1.46,4.5125,4.1125,3.69,3.4425,3.3875,3.3,-1.1249999999999998,-0.3024999999999999,4.75,4.75,4.6525,4.83,4.9175,5.0075,1.330625,1.4408,1.0828173848300906,-0.0016691859751138,3.78,5.077500000000001,2.1975,119.3156,304.099
2023-06-25,3.26,1.46,4.5125,4.1125,3.69,3.4425,3.3875,3.3,-1.1249999999999998,-0.3024999999999999,4.75,4.75,4.6525,4.83,4.9175,5.0075,1.330625,1.4408,1.0828173848300906,-0.0016691859751138,3.78,5.077500000000001,2.1975,119.3156,304.099
2023-07-02,3.26,1.46,4.5125,4.1125,3.69,3.4425,3.3875,3.3,-1.1249999999999998,-0.3024999999999999,4.75,4.75,4.6525,4.83,4.9175,5.0075,1.330625,1.4408,1.0828173848300906,-0.0016691859751138,3.78,5.077500000000001,2.1975,119.3156,304.099
2023-07-09,3.21,1.44,4.49,4.08,3.64,3.39,3.33,3.25,-1.16,-0.31,4.75,4.75,4.67,4.84,4.94,5.01,1.3252,1.4471,1.0919861153033503,-0.0033842220049636,3.86,5.08,2.25,119.5618,304.099
2023-07-16,3.21,1.44,4.49,4.08,3.64,3.39,3.33,3.25,-1.16,-0.31,4.75,4.75,4.67,4.84,4.94,5.01,1.3252,1.4471,1.0919861153033503,-0.0033842220049636,3.86,5.08,2.25,119.5618,304.099
2023-07-23,3.29,1.6,4.6,4.359999999999999,3.835,3.55,3.4450000000000003,3.34,-1.1549999999999998,-0.3899999999999999,5.0,5.005,4.79,4.955,5.07,5.130000000000001,1.31915,1.46885,1.1134840898888565,0.0015944148481566,3.845,5.08,2.35,118.13435,304.099
2023-07-30,3.36,1.6466666666666665,4.71,4.453333333333333,3.94,3.65,3.536666666666666,3.41,-1.1733333333333331,-0.4033333333333333,5.0,5.0,4.8500000000000005,5.006666666666667,5.113333333333333,5.16,1.3201666666666665,1.4568333333333332,1.1035264680609311,-0.0007054867013038,3.943333333333333,5.246666666666667,2.3766666666666665,118.19126666666666,304.099
2023-08-06,3.434,1.7420000000000002,4.674,4.42,3.952,3.692,3.592,3.4840000000000004,-1.082,-0.36,5.0,5.0,4.886,5.012,5.114,5.194,1.33018,1.46034,1.0978596676564158,0.001860962388795,4.07,5.33,2.37,119.08646,305.7302
2023-08-13,3.446,1.7579999999999998,4.598000000000001,4.346,3.896,3.648000000000001,3.562,3.492,-1.0360000000000005,-0.3340000000000002,5.0,5.0,4.886,5.026,5.1,5.104,1.34188,1.4738,1.0983161746430603,0.0013804030281839,4.072,5.33,2.3600000000000003,119.75234,306.138
2023-08-20,3.566,1.86,4.768,4.5200000000000005,4.0920000000000005,3.83,3.736,3.622,-1.032,-0.356,5.0,5.0,4.918,5.048,5.174,5.218,1.35074,1.4719000000000002,1.0897031299925304,0.0016167044441497,4.248,5.33,2.33,120.69094,306.138
2023-08-27,3.536,1.83,4.772,4.522,4.0920000000000005,3.828,3.72,3.592,-1.052,-0.3719999999999998,5.0,5.016,5.002,5.112,5.144,5.212000000000001,1.3563,1.47084,1.0844549223277746,0.0007964191153928,4.2700000000000005,5.33,2.338,120.6864,306.138
2023-09-03,3.418,1.7440000000000002,4.66,4.414,3.912,3.696,3.588,3.474,-1.0719999999999998,-0.3239999999999999,5.0,5.012,4.912,5.066,5.106,5.162,1.3567,1.47152,1.0846381994305083,-0.000379348233787,4.142,5.33,2.27,120.64032,306.3852
2023-09-10,3.478,1.8,4.634,4.388,3.924,3.734,3.65,3.532,-0.984,-0.274,5.0,5.008,4.901999999999999,5.022,5.036,5.09,1.36334,1.46326,1.0732983795631874,0.0014913792403705,4.255999999999999,5.33,2.3,121.93322,307.374
2023-09-17,3.526,1.85,4.696,4.438,3.9739999999999993,3.788,3.698,3.582,-0.9980000000000002,-0.2759999999999999,5.0,5.004,4.902,5.0280000000000005,5.114,5.138,1.35466,1.4503,1.070594879420756,-0.0015587823845218,4.286,5.33,2.346,121.56288,307.374
2023-09-24,3.646,1.938,4.9,4.64,4.176,3.982,3.87,3.712,-1.03,-0.3059999999999999,5.0,5.002,4.84,5.058,5.136,5.222,1.3458,1.437,1.0677695018528284,-0.0009133935313393,4.394,5.33,2.366,121.62992,307.374
2023-10-01,3.83,2.076,4.922,4.682,4.288,4.136,4.046,3.896,-0.8760000000000001,-0.2420000000000001,5.0,5.016,4.901999999999999,5.066,5.174,5.246,1.35016,1.4265,1.0565432004334077,0.000831628876729,4.58,5.33,2.3560000000000003,122.80472,307.374
2023-10-08,3.88,2.1175,4.8525,4.6725,4.295,4.175,4.1125,3.955,-0.74,-0.1824999999999998,5.0,5.0075,4.9075,5.0975,5.1225,5.23,1.366975,1.4415749999999998,1.054588573030079,-8.394540804250016e-06,4.73,5.33,2.325,123.76835,307.374
2023-10-15,3.766,2.014,4.798,4.654,4.215999999999999,4.093999999999999,4.016,3.84,-0.7819999999999997,-0.1999999999999998,5.0,5.0200000000000005,4.906000000000001,5.07,5.168,5.232,1.3639,1.44136,1.0567998547212851,-0.001043799376937,4.67,5.33,2.326,123.47586,307.374
2023-10-22,3.818,2.076,4.87,4.734,4.296,4.178,4.0920000000000005,3.898,-0.7779999999999999,-0.2039999999999998,5.0,5.032,4.946,5.096,5.15,5.196,1.36722,1.4447,1.056667119161422,0.0004999848682861,4.872,5.33,2.438,123.8291,307.374
2023-10-29,3.778,2.036,4.674,4.544,4.15,4.084,4.0200000000000005,3.86,-0.654,-0.1299999999999999,5.0,5.04,4.976,5.0600000000000005,5.108,5.098000000000001,1.37776,1.45858,1.058672401494246,0.0023555968320345,4.868,5.33,2.416,123.95738,307.374
2023-11-05,3.72,1.98,4.548,4.41,3.986,3.938,3.916,3.792,-0.6320000000000001,-0.07,5.0,5.04,4.914,5.022,5.018,5.002,1.3808,1.46626,1.061920934583166,-0.0025165184241737,4.754,5.33,2.412,123.4415,307.8018
2023-11-12,3.5840000000000005,1.836,4.498,4.338,3.878,3.828,3.792,3.654,-0.7060000000000001,-0.0859999999999999,5.0,5.04,4.934,4.988,5.01,4.942,1.37666,1.47282,1.0698564963574508,0.0019834527682179,4.593999999999999,5.33,2.3600000000000003,122.32994,308.087
2023-11-19,3.532,1.782,4.476,4.3100000000000005,3.842,3.78,3.724,3.5980000000000003,-0.7519999999999998,-0.1179999999999998,5.0,5.032,4.924,4.99,4.972,4.884,1.3738199999999998,1.48708,1.0824624825499112,-0.0008479398741757,4.498,5.33,2.29,121.69798,308.087
2023-11-26,3.4840000000000004,1.7259999999999998,4.416,4.248,3.788,3.7120000000000006,3.676,3.5460000000000003,-0.74,-0.1119999999999998,5.0,5.029999999999999,4.965999999999999,4.978,4.98,4.892,1.36938,1.49506,1.09178123551163,-0.0014440153032245,4.428,5.33,2.266,120.71268,308.087
2023-12-03,3.344,1.618,4.226000000000001,4.056,3.634,3.566,3.544,3.406,-0.6820000000000002,-0.0899999999999999,5.0,5.023999999999999,4.946,4.99,4.908,4.808,1.3579,1.4848599999999998,1.0934894864318565,-0.0017055049678597,4.318,5.33,2.218,120.26552,308.2166
2023-12-10,3.168,1.482,4.0920000000000005,3.916,3.4520000000000004,3.3840000000000003,3.354,3.21,-0.7380000000000002,-0.098,5.0,5.023999999999999,4.972,4.970000000000001,4.932,4.718,1.35758,1.4651999999999998,1.0792758483570084,0.0011975589502217,4.19,5.33,2.18,120.9237,308.735
2023-12-17,3.1025,1.4425,4.08,3.9025,3.4075,3.325,3.29,3.145,-0.79,-0.1174999999999999,5.0,5.035,4.9350000000000005,4.985,4.9125,4.645,1.3527,1.463025,1.081593662787871,-0.0012593308920071,4.095000000000001,5.33,2.1825,120.9331,308.735
2023-12-24,2.968,1.334,3.964,3.764,3.252,3.1700000000000004,3.136,3.004,-0.8280000000000001,-0.116,5.0,5.04,4.946,5.002,4.932,4.626,1.33262,1.46226,1.0972924349688118,-0.0017990955156373,3.906,5.33,2.194,119.80618,308.735
2023-12-31,3.022,1.414,3.938,3.728,3.2299999999999995,3.15,3.138,3.06,-0.8,-0.0919999999999999,5.0,5.044,4.996,4.986,4.938000000000001,4.634,1.32318,1.46304,1.1057049764693532,-0.0020742359944148,3.86,5.33,2.168,119.01192,308.735
2024-01-07,3.104,1.474,3.98,3.762,3.2700000000000005,3.192,3.182,3.134,-0.7979999999999998,-0.0879999999999999,5.0,5.048,4.984,4.988,4.9,4.674,1.33198,1.46048,1.0964901786549237,0.0020388786700295,3.956,5.33,2.2020000000000004,119.63014,309.794
2024-01-14,3.164,1.54,3.972,3.746,3.3200000000000003,3.24,3.236,3.192,-0.736,-0.0839999999999997,5.0,5.034000000000001,4.95,4.94,4.86,4.684,1.33882,1.46654,1.0953976151980416,0.0005997625772221,4.002,5.33,2.23,119.98632,309.794
2024-01-21,3.342,1.72,3.976,3.754,3.458,3.376,3.402,3.37,-0.574,-0.0559999999999998,5.0,5.048,4.94,4.970000000000001,4.866,4.684,1.34816,1.46774,1.088705009088598,0.0011219294528177,4.0840000000000005,5.33,2.31,120.88716,309.794
2024-01-28,3.438,1.8060000000000005,4.044,3.82,3.54,3.45,3.482,3.464,-0.5619999999999996,-0.0579999999999997,5.0,5.05,5.024,4.992,4.916,4.818,1.34722,1.46424,1.0868611807298485,-0.0001915618062135,4.144,5.33,2.298,121.07204,309.794
2024-02-04,3.294,1.648,4.01,3.786,3.45,3.342,3.368,3.3240000000000003,-0.6419999999999998,-0.0819999999999998,5.0,5.054,4.95,4.968,4.924,4.7780000000000005,1.34228,1.45364,1.0829665733397031,7.635230913756001e-05,4.006,5.33,2.244,120.96653999999998,310.2852
2024-02-11,3.3840000000000003,1.7100000000000002,4.146,3.928,3.6,3.4799999999999995,3.498,3.422,-0.6480000000000002,-0.1019999999999999,5.0,5.044,4.888,4.942,4.91,4.76,1.34854,1.45114,1.076085465322285,6.34264805034801e-05,4.134,5.33,2.246,121.40894,311.022
2024-02-18,3.432,1.722,4.274,4.044,3.704,3.582,3.5780000000000003,3.47,-0.6960000000000001,-0.1259999999999999,5.0,5.04,4.928,4.96,4.938000000000001,4.83,1.35066,1.45192,1.0749777378363672,0.0003940671788178,4.258,5.33,2.2920000000000003,121.58718000000002,311.022
2024-02-25,3.39,1.668,4.204,3.964,3.604,3.522,3.522,3.43,-0.6819999999999999,-0.0819999999999998,5.0,5.026,4.936,4.952,4.924,4.756,1.35004,1.45914,1.0808114959652175,1.5698520915720035e-05,4.296,5.33,2.32,121.42502,311.022
2024-03-03,3.364,1.632,4.18,3.934,3.5740000000000003,3.494,3.494,3.376,-0.686,-0.0799999999999998,5.0,5.008,4.916,4.956,4.906000000000001,4.7780000000000005,1.35488,1.4680399999999998,1.0835222092232866,0.0010366387976309,4.26,5.33,2.322,121.43012000000002,311.239
2024-03-10,3.262,1.534,4.07,3.824,3.444,3.366,3.366,3.298,-0.7040000000000001,-0.0779999999999999,5.0,5.01,4.862,4.916,4.888,4.69,1.35254,1.47368,1.0895770698278555,-0.0013727229390442,4.128,5.33,2.304,120.85732,312.107
2024-03-17,3.34,1.59,4.156000000000001,3.908,3.522,3.434,3.442,3.374,-0.7139999999999999,-0.08,5.0,5.01,4.796,4.852,4.84,4.66,1.35014,1.4737399999999998,1.091549079181767,0.0009201611481283,4.21,5.33,2.298,120.54724000000002,312.107
2024-03-24,3.4159999999999995,1.604,4.168,3.914,3.558,3.476,3.51,3.45,-0.658,-0.0479999999999999,5.0,5.016,4.922,4.944000000000001,4.901999999999999,4.704,1.3559800000000002,1.4723,1.085786517920201,0.0008890791711419,4.279999999999999,5.33,2.322,121.26676,312.107
2024-03-31,3.366,1.53,4.151999999999999,3.892,3.512,3.44,3.4620000000000006,3.396,-0.6899999999999998,-0.0499999999999997,5.0,5.031999999999999,4.976000000000001,4.982,4.912000000000001,4.708,1.35684,1.46788,1.0818356099294153,-0.001177334909212,4.218,5.33,2.322,121.42728,312.107
2024-04-07,3.4880000000000004,1.624,4.226,3.97,3.62,3.5740000000000003,3.582,3.5200000000000005,-0.644,-0.0380000000000001,5.0,5.018,4.962000000000001,4.974,4.901999999999999,4.712000000000001,1.3557,1.46464,1.0803626177957582,0.0007136351457712,4.35,5.33,2.356,121.50422,313.016
2024-04-14,3.5420000000000003,1.662,4.238,4.040000000000001,3.688,3.63,3.642,3.5740000000000003,-0.5960000000000001,-0.0459999999999999,5.0,5.002,4.9,4.924,4.876,4.702,1.36578,1.47038,1.0766288846608272,0.0024637756304947,4.478,5.33,2.386,121.77852,313.016
2024-04-21,3.638,1.766,4.222,4.1,3.764,3.704,3.728,3.668,-0.4940000000000002,-0.0359999999999999,5.0,5.016,4.88,4.892,4.862,4.726000000000001,1.37782,1.46676,1.0645526929232854,-0.0002589815661146,4.63,5.33,2.412,123.28708,313.016
2024-04-28,3.69,1.822,4.29,4.172,3.83,3.778,3.794,3.722,-0.4959999999999999,-0.036,5.0,5.002,4.908,4.916,4.856,4.746,1.36908,1.46356,1.0690118334512957,-0.0011645475026073,4.65,5.33,2.416,123.24215999999998,313.016
2024-05-05,3.622,1.766,4.268,4.15,3.784,3.73,3.742,3.658,-0.526,-0.042,5.0,5.008,4.956,4.922,4.8420000000000005,4.720000000000001,1.37066,1.46844,1.0713444169407889,6.51309895493799e-05,4.606,5.33,2.384,122.98798,313.0904
2024-05-12,3.504,1.656,4.196,4.07,3.682,3.622,3.624,3.54,-0.5720000000000003,-0.058,5.0,5.01,4.912,4.9,4.808,4.674,1.36914,1.4742000000000002,1.0767362387030124,-9.955175059066e-05,4.478,5.33,2.3280000000000003,122.43798,313.14
2024-05-19,3.482,1.64,4.232,4.0920000000000005,3.698,3.636,3.622,3.524,-0.61,-0.0759999999999998,5.0,5.01,4.876,4.87,4.81,4.68,1.3635,1.47828,1.0841855237511546,-0.0007321160492501,4.418,5.33,2.32,121.94404,313.14
2024-05-26,3.47,1.632,4.206,4.066,3.668,3.614,3.6,3.512,-0.6060000000000002,-0.0679999999999999,5.0,5.01,4.84,4.836,4.77,4.648000000000001,1.36626,1.48186,1.0846132794505607,0.0007785953785137,4.442,5.33,2.32,121.90926,313.14
2024-06-02,3.53,1.702,4.256,4.1240000000000006,3.742,3.698,3.676,3.584,-0.5799999999999998,-0.0659999999999998,5.0,5.014,4.811999999999999,4.802,4.766,4.646,1.36578,1.4815,1.0847313441224635,-0.0005233250012942,4.534000000000001,5.33,2.346,122.25074,313.14
2024-06-09,3.326,1.51,4.002000000000001,3.868,3.4840000000000004,3.434,3.438,3.368,-0.5640000000000002,-0.046,4.9,4.924,4.714,4.694,4.654000000000001,4.5280000000000005,1.36876,1.48714,1.0864918731892872,0.0015077839300261,4.348000000000001,5.33,2.304,123.06016,313.14
2024-06-16,3.326,1.524,3.912,3.774,3.414,3.366,3.3920000000000003,3.358,-0.5200000000000001,-0.022,4.75,4.78,4.658,4.654000000000001,4.542,4.41,1.37458,1.47816,1.0753600716450873,0.000163899459854,4.322,5.33,2.236,124.3027,313.14
2024-06-23,3.228,1.44,3.866,3.718,3.33,3.282,3.306,3.26,-0.56,-0.0239999999999999,4.75,4.78,4.688000000000001,4.636,4.542,4.366,1.3715,1.47058,1.0722413842449685,-0.0007135252890693,4.244,5.33,2.224,124.40608,313.14
2024-06-30,3.3240000000000003,1.528,3.986,3.832,3.462,3.428,3.43,3.3560000000000003,-0.5559999999999999,-0.0319999999999997,4.75,4.784000000000001,4.674,4.638,4.593999999999999,4.414,1.3679,1.46478,1.0708250502328496,-0.0002174893574983,4.290000000000001,5.33,2.248,124.40506,313.14
2024-07-07,3.458,1.644,4.01,3.852,3.554,3.5380000000000003,3.556,3.4879999999999995,-0.454,0.0019999999999999,4.75,4.798,4.65,4.622,4.586,4.43,1.36534,1.47106,1.0774408519624687,-0.0008319546089029,4.382,5.33,2.288,124.28374,313.566
2024-07-14,3.3920000000000003,1.58,3.89,3.722,3.432,3.418,3.4520000000000004,3.412,-0.4379999999999998,0.02,4.75,4.8,4.632,4.593999999999999,4.496,4.36,1.36288,1.47858,1.084894244963149,-7.316414384930052e-05,4.248,5.33,2.258,123.38974,313.566
2024-07-21,3.3560000000000003,1.538,3.756,3.618,3.336,3.3280000000000003,3.372,3.368,-0.3839999999999999,0.036,4.75,4.8,4.598,4.5,4.406000000000001,4.2700000000000005,1.3691600000000002,1.49304,1.090480001938253,0.0014491714886874,4.202,5.33,2.284,123.13168,313.566
2024-07-28,3.398000000000001,1.59,3.66,3.5780000000000003,3.304,3.314,3.376,3.404,-0.2839999999999999,0.072,4.65,4.68,4.482,4.438,4.366,4.168,1.37932,1.49796,1.0860148380244063,0.0014963422287092,4.252,5.33,2.284,123.80036,313.566
2024-08-04,3.218,1.436,3.414,3.31,3.072,3.088,3.16,3.224,-0.254,0.0879999999999998,4.5,4.526,4.474,4.376,4.256,4.018,1.38432,1.49926,1.083028642873076,0.0004064738504974,4.04,5.33,2.196,124.1623,313.792
2024-08-11,3.186,1.436,3.2880000000000003,3.186,3.002,3.028,3.112,3.188,-0.176,0.11,4.5,4.54,4.376,4.2780000000000005,4.140000000000001,3.912,1.37732,1.5035,1.091614203791424,-0.0016496202086766,3.914,5.33,2.104,123.67528,314.131
2024-08-18,3.136,1.42,3.278,3.176,2.954,2.978,3.05,3.136,-0.2280000000000001,0.0959999999999998,4.5,4.53,4.376,4.247999999999999,4.116,3.846,1.37188,1.50616,1.0978826961728836,-0.000364187423678,3.878,5.33,2.092,123.01106,314.131
2024-08-25,3.116,1.412,3.276,3.176,2.95,2.96,3.038,3.116,-0.2380000000000001,0.0879999999999996,4.5,4.526,4.322,4.222,4.06,3.74,1.36002,1.51218,1.111890381107791,-0.0026086355909936,3.828,5.33,2.088,122.15484,314.131
2024-09-01,3.192,1.488,3.28,3.184,2.98,3.01,3.096,3.188,-0.184,0.1159999999999999,4.5,4.53,4.273999999999999,4.184,4.044,3.746,1.34754,1.49822,1.111820624109256,-0.000560811191647,3.854,5.33,2.152,122.2574,314.131
2024-09-08,3.158,1.472,3.182,3.09,2.892,2.93,3.028,3.15,-0.1539999999999998,0.1360000000000001,4.4,4.438000000000001,4.156000000000001,4.0920000000000005,3.954,3.662,1.35246,1.4975200000000002,1.1072567296574725,0.0010539338545886,3.794,5.33,2.078,122.7392,314.131
2024-09-15,3.0780000000000003,1.444,2.992,2.9200000000000004,2.742,2.7960000000000003,2.91,3.062,-0.0819999999999998,0.1679999999999999,4.25,4.292,4.164,4.058,3.866,3.528,1.35852,1.50024,1.1043198972320998,0.0006054680175425,3.668,5.33,2.0460000000000003,122.75298,314.131
2024-09-22,3.108,1.466,2.91,2.838,2.718,2.784,2.912,3.086,0.002,0.1939999999999998,4.25,4.29,4.166,4.034000000000001,3.742,3.35,1.35814,1.51244,1.1136127830671334,-0.0003089326255006,3.688,5.13,2.13,121.74298,314.131
2024-09-29,3.164,1.516,2.928,2.858,2.76,2.842,2.972,3.138,0.0439999999999998,0.2119999999999998,4.25,4.296,4.166,4.01,3.73,3.332,1.34826,1.50392,1.11545369637644,-0.0009724075238517,3.764,4.83,2.17,121.4888,314.131
2024-10-06,3.208,1.546,3.018,2.946,2.832,2.912,3.04,3.188,0.0219999999999999,0.2080000000000001,4.25,4.298,4.0920000000000005,3.92,3.71,3.366,1.35222,1.49512,1.1056895204257866,0.0015255680720566,3.834000000000001,4.83,2.204,122.01212,315.27740000000006
2024-10-13,3.354,1.622,3.212,3.154,3.036,3.122,3.2340000000000004,3.34,0.0220000000000001,0.1980000000000001,4.25,4.308,4.056,3.878,3.728,3.516,1.36942,1.49996,1.0953326202257,0.0026968472322144,4.0600000000000005,4.83,2.298,123.0547,315.564
2024-10-20,3.294,1.576,3.006,3.0,2.92,3.02,3.144,3.276,0.1379999999999999,0.2239999999999999,4.25,4.306,3.904,3.7120000000000006,3.59,3.326,1.37856,1.49992,1.088036164913015,0.0006986768452043,4.0600000000000005,4.83,2.298,123.93176,315.564
2024-10-27,3.382,1.636,3.052,3.034,3.002,3.106,3.236,3.3600000000000003,0.1840000000000001,0.2340000000000001,4.05,4.108,3.75,3.564,3.486,3.264,1.3844,1.49618,1.0807424575988875,0.0010129564735236,4.218,4.83,2.308,124.76858,315.564
2024-11-03,3.344,1.588,3.084,3.058,3.0420000000000003,3.148,3.254,3.3340000000000005,0.1699999999999999,0.2119999999999998,3.75,3.818,3.702,3.512,3.4240000000000004,3.254,1.39138,1.50792,1.083757328808446,0.0008637344588495,4.3,4.83,2.318,125.04862,315.74100000000004
2024-11-10,3.268,1.5,3.108,3.0780000000000003,3.058,3.16,3.24,3.268,0.132,0.182,3.75,3.804,3.734,3.51,3.406,3.268,1.38924,1.50212,1.0812655764199703,-0.0002643524376041,4.319999999999999,4.779999999999999,2.322,125.27016,316.449
2024-11-17,3.266,1.508,3.15,3.112,3.098,3.19,3.26,3.272,0.1099999999999999,0.1619999999999999,3.75,3.796,3.716,3.5,3.38,3.268,1.39886,1.4833,1.0603875908843374,0.0030537110936773,4.406000000000001,4.58,2.342,126.85342,316.449
2024-11-24,3.412,1.626,3.28,3.244,3.212,3.302,3.374,3.41,0.0939999999999998,0.1619999999999999,3.75,3.786,3.686,3.478,3.396,3.33,1.3991,1.47222,1.052256056263462,-0.0014222241761114,4.412,4.58,2.342,127.10932,316.449
2024-12-01,3.246,1.486,3.178,3.1380000000000003,3.082,3.166,3.22,3.248,0.0419999999999999,0.1379999999999999,3.75,3.78,3.572,3.414,3.364,3.302,1.40236,1.47698,1.053212922879462,0.0004497424334945,4.25,4.58,2.27,127.15722,316.449
2024-12-08,3.13,1.386,3.008,2.97,2.914,2.988,3.06,3.12,0.052,0.1459999999999998,3.75,3.784,3.486,3.3240000000000003,3.258,3.176,1.4070399999999998,1.48182,1.0531444019854284,0.0017970489478867,4.186,4.58,2.264,127.02694,316.449
2024-12-15,3.2020000000000004,1.43,2.946,2.906,2.896,2.982,3.088,3.184,0.1419999999999999,0.1919999999999998,3.55,3.588,3.218,3.146,3.1100000000000003,3.056,1.4174,1.49032,1.0514512176571014,0.0013418692842612,4.279999999999999,4.58,2.302,127.17672,316.449
2024-12-22,3.2960000000000003,1.484,3.038,2.984,3.024,3.118,3.2299999999999995,3.286,0.1920000000000001,0.206,3.25,3.318,3.184,3.1420000000000003,3.132,3.112,1.4324400000000002,1.49726,1.0452652322886269,0.0018776456217437,4.476,4.48,2.306,128.03490000000002,316.449
2024-12-29,3.374,1.548,3.024,2.966,3.0460000000000003,3.148,3.29,3.364,0.266,0.244,3.25,3.3,3.176,3.146,3.1,3.1100000000000003,1.43938,1.49758,1.040433173520595,0.000459623765568,4.593999999999999,4.33,2.342,128.58618,316.449
2025-01-05,3.336,1.508,2.936,2.8760000000000003,2.964,3.07,3.2299999999999995,3.322,0.2939999999999999,0.2660000000000001,3.25,3.308,3.192,3.148,3.078,3.022,1.44034,1.4899,1.0344155670243889,0.0005008678043397,4.576,4.33,2.334,129.47242,318.0312
2025-01-12,3.44,1.564,2.96,2.902,3.04,3.164,3.326,3.4200000000000004,0.3659999999999999,0.2859999999999999,3.25,3.286,3.154,3.112,3.026,3.008,1.4379,1.48434,1.032307863441246,-0.0002712995324459,4.682,4.33,2.388,129.29860000000002,319.086
2025-01-19,3.5200000000000005,1.61,3.04,3.0,3.144,3.2840000000000003,3.418,3.5,0.3779999999999999,0.2739999999999999,3.25,3.2960000000000003,3.132,3.0940000000000003,3.0780000000000003,3.088,1.43878,1.47842,1.0275545991602546,0.0001841734281725,4.69,4.33,2.428,129.70232,319.086
2025-01-26,3.4159999999999995,1.52,2.932,2.916,2.998,3.162,3.286,3.396,0.3539999999999997,0.2879999999999998,3.25,3.2920000000000003,3.084,3.024,2.982,2.978,1.43544,1.49672,1.0426921627822536,-0.0013698440141329,4.612,4.33,2.408,128.58936,319.086
2025-02-02,3.31,1.422,2.774,2.762,2.8400000000000003,3.01,3.15,3.29,0.376,0.3099999999999998,3.15,3.192,2.984,2.9080000000000004,2.876,2.88,1.44216,1.50414,1.0429852555512098,0.0020585845445066,4.546,4.33,2.404,128.45068,319.086
2025-02-09,3.1775,1.315,2.6075,2.5925,2.6575,2.8375,2.985,3.1475,0.3775,0.3274999999999999,3.0,3.025,2.895,2.8175,2.74,2.6975,1.4379499999999998,1.48895,1.0355042146654578,0.0012358640246165,4.4775,4.33,2.4275,128.61605,319.086
2025-02-16,3.298,1.428,2.716,2.71,2.7960000000000003,2.968,3.1060000000000003,3.264,0.3899999999999999,0.31,3.0,3.014,2.934,2.834,2.804,2.776,1.42672,1.4824,1.0390524910248689,-0.0018501223354154,4.532,4.33,2.446,128.28304,319.086
2025-02-23,3.338,1.476,2.774,2.764,2.854,3.02,3.156,3.306,0.382,0.302,3.0,3.002,2.938,2.858,2.844,2.834,1.41954,1.48514,1.0462153128150808,-0.0004876564325872,4.494,4.33,2.4400000000000004,127.48128,319.086
2025-03-02,3.188,1.334,2.636,2.616,2.684,2.8440000000000003,2.982,3.156,0.3460000000000001,0.298,3.0,2.992,2.894,2.84,2.7960000000000003,2.764,1.43422,1.49968,1.0456604833659804,0.0032326005248573,4.296,4.33,2.382,127.8058,319.086
2025-03-09,3.184,1.338,2.536,2.53,2.612,2.78,2.942,3.144,0.406,0.3299999999999999,3.0,3.016,2.802,2.742,2.7060000000000004,2.634,1.43934,1.5389,1.069219799668204,-0.000917974229416,4.254,4.33,2.344,127.09264,319.086
2025-03-16,3.282,1.434,2.554,2.558,2.6740000000000004,2.854,3.032,3.2380000000000004,0.478,0.3579999999999999,2.9,2.924,2.714,2.656,2.646,2.598,1.4414000000000002,1.5682,1.0879694698694975,0.0002404755276836,4.279999999999999,4.33,2.308,126.2287,319.086
2025-03-23,3.248,1.39,2.528,2.53,2.672,2.826,3.006,3.208,0.4780000000000002,0.3339999999999999,2.75,2.764,2.662,2.6380000000000003,2.63,2.588,1.43252,1.55862,1.0880322430847087,-0.0005528466602001,4.268,4.33,2.308,126.03336,319.086
2025-03-30,3.314,1.45,2.55,2.56,2.712,2.876,3.07,3.274,0.52,0.3579999999999999,2.75,2.76,2.6740000000000004,2.634,2.636,2.5780000000000003,1.42996,1.54432,1.0799730207547085,-0.0005704419926268,4.33,4.33,2.368,126.50028,319.086
2025-04-06,3.203333333333333,1.34,2.4433333333333334,2.4533333333333336,2.5866666666666664,2.7566666666666664,2.9433333333333334,3.16,0.5,0.3566666666666667,2.75,2.773333333333333,2.6533333333333338,2.61,2.5866666666666664,2.5033333333333334,1.4348,1.5517666666666667,1.0815233025136677,0.0003078773048732,4.2,4.33,2.3433333333333333,126.74896666666666,319.90933333333334
2025-04-13,3.4066666666666667,1.5766666666666669,2.51,2.526666666666667,2.703333333333333,2.8866666666666667,3.106666666666667,3.353333333333333,0.5966666666666667,0.4033333333333335,2.75,2.7533333333333334,2.6333333333333333,2.57,2.583333333333333,2.533333333333333,1.4190666666666667,1.5559666666666667,1.0964798125923332,-0.0015485771628077,4.25,4.33,2.2266666666666666,127.019,320.321
2025-04-20,3.4560000000000004,1.622,2.534,2.554,2.724,2.906,3.114,3.3920000000000003,0.58,0.3899999999999998,2.75,2.758,2.6740000000000004,2.638,2.606,2.568,1.38838,1.57558,1.1348379417400347,-0.0009478285926707,4.34,4.33,2.21,123.70604,320.321
2025-04-27,3.536,1.704,2.5780000000000003,2.608,2.792,2.986,3.2,3.474,0.6220000000000001,0.4080000000000001,2.75,2.752,2.692,2.646,2.622,2.568,1.38506,1.58074,1.1412887096371545,8.837308050610986e-05,4.368,4.33,2.27,123.07406,320.321
2025-05-04,3.466,1.638,2.522,2.55,2.726,2.912,3.1260000000000003,3.402,0.604,0.4000000000000001,2.75,2.754,2.686,2.6420000000000003,2.5940000000000003,2.5460000000000003,1.3829,1.56994,1.1352495602648482,-0.0009092532753764,4.234,4.33,2.246,123.06422,320.4246
2025-05-11,3.474,1.64,2.538,2.562,2.756,2.942,3.154,3.414,0.6160000000000001,0.3979999999999999,2.75,2.75,2.694,2.624,2.5940000000000003,2.554,1.38452,1.5658,1.1309508822722794,0.0018394575712655,4.332,4.33,2.274,122.69406,320.58
2025-05-18,3.508,1.652,2.566,2.586,2.7960000000000003,2.978,3.2,3.4479999999999995,0.6340000000000002,0.4040000000000001,2.75,2.748,2.672,2.5940000000000003,2.56,2.5420000000000003,1.3979,1.56038,1.1162337321751274,0.0007486374158345,4.470000000000001,4.33,2.332,123.32918,320.58
2025-05-25,3.608,1.7420000000000002,2.65,2.676,2.902,3.088,3.31,3.55,0.6599999999999999,0.4079999999999999,2.75,2.76,2.67,2.616,2.582,2.566,1.38776,1.56494,1.1277063792379072,-0.0032900765936269,4.514,4.33,2.346,122.33078,320.58
2025-06-01,3.532,1.654,2.6260000000000003,2.646,2.852,3.032,3.244,3.478,0.618,0.392,2.75,2.752,2.668,2.6420000000000003,2.606,2.594,1.37792,1.5634,1.13461377193702,3.3219857971640045e-05,4.45,4.33,2.326,122.00864,320.58
2025-06-08,3.532,1.632,2.618,2.644,2.868,3.042,3.264,3.51,0.646,0.3960000000000001,2.75,2.762,2.672,2.646,2.628,2.608,1.36912,1.56262,1.1413346136601006,-0.0009876392639159,4.44,4.33,2.3120000000000003,121.52116,320.58
2025-06-15,3.628,1.73,2.69,2.722,2.942,3.122,3.348,3.6020000000000003,0.6579999999999999,0.4059999999999999,2.75,2.75,2.672,2.67,2.652,2.658,1.36486,1.5681,1.1489250948609242,-0.0013467570091165,4.428,4.33,2.28,120.9887,320.58
2025-06-22,3.64,1.736,2.684,2.714,2.938,3.12,3.346,3.612,0.6619999999999998,0.4079999999999999,2.75,2.75,2.6700000000000004,2.664,2.662,2.668,1.36572,1.5734,1.1520801505044724,0.0019089654497641,4.398,4.33,2.3120000000000003,121.01214,320.58
2025-06-29,3.596,1.6939999999999995,2.618,2.644,2.866,3.048,3.298,3.5740000000000003,0.6799999999999999,0.4319999999999999,2.75,2.75,2.6740000000000004,2.662,2.642,2.628,1.3704,1.5941800000000002,1.1633129439493337,-0.0007516115055735,4.296,4.33,2.288,120.63334,320.58
2025-07-06,3.614,1.7,2.64,2.666,2.884,3.064,3.33,3.592,0.69,0.4459999999999997,2.75,2.75,2.662,2.648,2.644,2.622,1.36176,1.60176,1.1762431697245332,-0.0015211159273597,4.3,4.33,2.308,119.73184,321.8216
2025-07-13,3.724,1.794,2.696,2.716,2.96,3.148,3.4200000000000004,3.694,0.724,0.4600000000000001,2.75,2.75,2.676,2.6380000000000003,2.65,2.646,1.36786,1.60122,1.1706029119511068,0.001159807568491,4.388,4.33,2.348,120.21124,322.132
2025-07-20,3.874,1.914,2.806,2.816,3.0940000000000003,3.294,3.564,3.84,0.7579999999999999,0.4699999999999997,2.75,2.758,2.668,2.662,2.696,2.71,1.37176,1.59522,1.162903754730655,0.000527139361965,4.46,4.33,2.41,120.8334,322.132
2025-07-27,3.84,1.87,2.806,2.816,3.0740000000000003,3.268,3.528,3.808,0.722,0.4539999999999999,2.75,2.752,2.6740000000000004,2.67,2.7060000000000004,2.7220000000000004,1.36542,1.60184,1.173152769803277,-0.0002276462994642,4.392,4.33,2.41,120.1811,322.132
2025-08-03,3.776,1.786,2.764,2.77,3.02,3.2120000000000006,3.46,3.742,0.6960000000000001,0.4400000000000002,2.75,2.76,2.694,2.6740000000000004,2.702,2.72,1.37892,1.58838,1.1519200621057333,0.0013566631749325,4.348000000000001,4.33,2.402,121.5812,322.3784
2025-08-10,3.728,1.7280000000000002,2.684,2.69,2.936,3.126,3.3840000000000003,3.688,0.7,0.448,2.75,2.756,2.662,2.656,2.676,2.678,1.37664,1.59786,1.1607023076179168,-0.001346014548786,4.232,4.33,2.362,121.05454,323.364
2025-08-17,3.8,1.7879999999999998,2.694,2.698,2.948,3.1420000000000003,3.4160000000000004,3.748,0.722,0.4680000000000001,2.75,2.764,2.64,2.648,2.662,2.664,1.37878,1.60848,1.1665969576252018,0.0007998440405113,4.284000000000001,4.33,2.384,120.83284,323.364
2025-08-24,3.8766666666666665,1.856666666666667,2.723333333333333,2.7266666666666666,2.986666666666667,3.186666666666667,3.47,3.82,0.7466666666666666,0.4833333333333334,2.75,2.763333333333333,2.6466666666666665,2.65,2.66,2.6666666666666665,1.3852666666666666,1.6137666666666668,1.1649553756956552,0.001855630817564,4.323333333333333,4.33,2.373333333333333,121.2004,323.364
2025-08-31,3.86,1.8240000000000005,2.686,2.688,2.94,3.138,3.434,3.798,0.748,0.494,2.75,2.766,2.65,2.6580000000000004,2.65,2.654,1.37982,1.6087400000000005,1.165910939901626,-0.0016207860212211,4.246,4.33,2.416,120.82806,323.364
2025-09-07,3.84,1.8,2.635,2.635,2.8925,3.0775,3.39,3.7675,0.7549999999999999,0.4975,2.75,2.79,2.64,2.6375,2.6175,2.6125,1.37885,1.607725,1.1659933863558354,0.0013255942427235,4.225,4.33,2.4,120.933525,324.368
2025-09-14,3.84,1.8,2.635,2.635,2.8925,3.0775,3.39,3.7675,0.7549999999999999,0.4975,2.75,2.79,2.64,2.6375,2.6175,2.6125,1.37885,1.607725,1.1659933863558354,0.0013255942427235,4.225,4.33,2.4,120.933525,324.368
2025-09-21,3.84,1.8,2.635,2.635,2.8925,3.0775,3.39,3.7675,0.7549999999999999,0.4975,2.75,2.79,2.64,2.6375,2.6175,2.6125,1.37885,1.607725,1.1659933863558354,0.0013255942427235,4.225,4.33,2.4,120.933525,324.368
2025-09-28,3.84,1.8,2.635,2.635,2.8925,3.0775,3.39,3.7675,0.7549999999999999,0.4975,2.75,2.79,2.64,2.6375,2.6175,2.6125,1.37885,1.607725,1.1659933863558354,0.0013255942427235,4.225,4.33,2.4,120.933525,324.368
2025-10-05,3.81,1.77,2.62,2.62,2.9,3.04,3.35,3.73,0.73,0.4500000000000002,2.5,2.79,2.64,2.63,2.61,2.6,1.3829,1.6101,1.1642924289536485,0.0025373350732202,4.16,4.09,2.36,120.5624,324.368
2025-10-12,3.81,1.77,2.62,2.62,2.9,3.04,3.35,3.73,0.73,0.4500000000000002,2.5,2.79,2.64,2.63,2.61,2.6,1.3829,1.6101,1.1642924289536485,0.0025373350732202,4.16,4.09,2.36,120.5624,324.368
2025-10-19,3.646,1.6780000000000002,2.444,2.45,2.72,2.8600000000000003,3.156,3.562,0.712,0.4360000000000001,2.5,2.79,2.64,2.63,2.61,2.6,1.3829,1.6101,1.1642924289536485,0.0025373350732202,4.0280000000000005,4.104,2.288,121.31506,324.368
