OCCUPANCY_DATE,CAPACITY_ACTUAL_BED,CAPACITY_FUNDING_BED,OCCUPIED_BEDS,UNOCCUPIED_BEDS,UNAVAILABLE_BEDS,OCCUPANCY_RATE_BEDS
2021-01-01,758.0,758.0,758.0,0.0,0.0,2700.0
2021-01-02,888.0,888.0,888.0,0.0,0.0,3100.0
2021-01-03,668.0,668.0,668.0,0.0,0.0,2500.0
2021-01-04,678.0,678.0,678.0,0.0,0.0,2400.0
2021-01-05,716.0,716.0,716.0,0.0,0.0,2600.0
2021-01-06,752.0,752.0,752.0,0.0,0.0,2500.0
2021-01-07,660.0,660.0,660.0,0.0,0.0,2400.0
2021-01-08,725.0,725.0,725.0,0.0,0.0,2600.0
2021-01-09,736.0,736.0,736.0,0.0,0.0,2500.0
2021-01-10,579.0,579.0,579.0,0.0,0.0,2200.0
2021-01-11,591.0,591.0,591.0,0.0,0.0,2200.0
2021-01-12,730.0,730.0,730.0,0.0,0.0,2700.0
2021-01-13,651.0,651.0,651.0,0.0,0.0,2400.0
2021-01-14,731.0,731.0,731.0,0.0,0.0,2700.0
2021-01-15,733.0,733.0,733.0,0.0,0.0,2600.0
2021-01-16,813.0,813.0,813.0,0.0,0.0,2700.0
2021-01-17,765.0,765.0,765.0,0.0,0.0,2800.0
2021-01-18,703.0,703.0,703.0,0.0,0.0,2700.0
2021-01-19,672.0,672.0,672.0,0.0,0.0,2700.0
2021-01-20,529.0,529.0,529.0,0.0,0.0,2300.0
2021-01-21,568.0,568.0,568.0,0.0,0.0,2400.0
2021-01-22,526.0,526.0,526.0,0.0,0.0,2300.0
2021-01-23,713.0,713.0,713.0,0.0,0.0,2700.0
2021-01-24,645.0,645.0,645.0,0.0,0.0,2600.0
2021-01-25,586.0,586.0,586.0,0.0,0.0,2500.0
2021-01-26,690.0,690.0,690.0,0.0,0.0,2600.0
2021-01-27,641.0,641.0,641.0,0.0,0.0,2400.0
2021-01-28,641.0,641.0,641.0,0.0,0.0,2600.0
2021-01-29,613.0,613.0,613.0,0.0,0.0,2400.0
2021-01-30,635.0,635.0,635.0,0.0,0.0,2500.0
2021-01-31,624.0,624.0,624.0,0.0,0.0,2500.0
2021-02-01,573.0,573.0,573.0,0.0,0.0,2000.0
2021-02-02,545.0,545.0,545.0,0.0,0.0,2100.0
2021-02-03,645.0,645.0,645.0,0.0,0.0,2500.0
2021-02-04,578.0,578.0,578.0,0.0,0.0,2300.0
2021-02-05,734.0,734.0,734.0,0.0,0.0,2600.0
2021-02-06,668.0,668.0,668.0,0.0,0.0,2500.0
2021-02-07,628.0,628.0,628.0,0.0,0.0,2300.0
2021-02-08,742.0,742.0,742.0,0.0,0.0,2400.0
2021-02-09,511.0,511.0,511.0,0.0,0.0,1900.0
2021-02-10,423.0,423.0,423.0,0.0,0.0,1700.0
2021-02-11,729.0,729.0,729.0,0.0,0.0,2500.0
2021-02-12,711.0,711.0,711.0,0.0,0.0,2600.0
2021-02-13,868.0,868.0,868.0,0.0,0.0,2900.0
2021-02-14,633.0,633.0,633.0,0.0,0.0,2400.0
2021-02-15,513.0,513.0,513.0,0.0,0.0,2100.0
2021-02-16,792.0,792.0,792.0,0.0,0.0,2600.0
2021-02-17,755.0,755.0,755.0,0.0,0.0,2400.0
2021-02-18,684.0,684.0,684.0,0.0,0.0,2200.0
2021-02-19,766.0,766.0,766.0,0.0,0.0,2400.0
2021-02-20,730.0,730.0,730.0,0.0,0.0,2300.0
2021-02-21,850.0,850.0,850.0,0.0,0.0,2800.0
2021-02-22,692.0,692.0,692.0,0.0,0.0,2300.0
2021-02-23,884.0,884.0,884.0,0.0,0.0,2800.0
2021-02-24,778.0,778.0,778.0,0.0,0.0,2600.0
2021-02-25,715.0,715.0,715.0,0.0,0.0,2500.0
2021-02-26,737.0,737.0,737.0,0.0,0.0,2300.0
2021-02-27,644.0,644.0,644.0,0.0,0.0,2100.0
2021-02-28,792.0,792.0,792.0,0.0,0.0,2500.0
2021-03-01,564.0,564.0,564.0,0.0,0.0,2300.0
2021-03-02,498.0,498.0,498.0,0.0,0.0,2400.0
2021-03-03,769.0,769.0,769.0,0.0,0.0,2800.0
2021-03-04,726.0,726.0,726.0,0.0,0.0,2800.0
2021-03-05,579.0,579.0,579.0,0.0,0.0,2200.0
2021-03-06,688.0,688.0,688.0,0.0,0.0,2600.0
2021-03-07,612.0,612.0,612.0,0.0,0.0,2500.0
2021-03-08,588.0,588.0,588.0,0.0,0.0,2400.0
2021-03-09,549.0,549.0,549.0,0.0,0.0,2200.0
2021-03-10,538.0,538.0,538.0,0.0,0.0,2100.0
2021-03-11,613.0,613.0,613.0,0.0,0.0,2200.0
2021-03-12,542.0,542.0,542.0,0.0,0.0,2000.0
2021-03-13,396.0,396.0,396.0,0.0,0.0,1700.0
2021-03-14,661.0,661.0,661.0,0.0,0.0,2300.0
2021-03-15,648.0,648.0,648.0,0.0,0.0,2400.0
2021-03-16,561.0,561.0,561.0,0.0,0.0,2100.0
2021-03-17,573.0,573.0,573.0,0.0,0.0,2200.0
2021-03-18,503.0,503.0,503.0,0.0,0.0,2100.0
2021-03-19,473.0,473.0,473.0,0.0,0.0,2000.0
2021-03-20,478.0,478.0,478.0,0.0,0.0,2000.0
2021-03-21,480.0,480.0,480.0,0.0,0.0,1900.0
2021-03-22,456.0,456.0,456.0,0.0,0.0,2000.0
2021-03-23,535.0,535.0,535.0,0.0,0.0,1900.0
2021-03-24,501.0,501.0,501.0,0.0,0.0,1900.0
2021-03-25,395.0,395.0,395.0,0.0,0.0,1600.0
2021-03-26,598.0,598.0,598.0,0.0,0.0,2200.0
2021-03-27,567.0,567.0,567.0,0.0,0.0,2100.0
2021-03-28,586.0,586.0,586.0,0.0,0.0,2200.0
2021-03-29,407.0,407.0,407.0,0.0,0.0,1700.0
2021-03-30,500.0,500.0,500.0,0.0,0.0,1800.0
2021-03-31,431.0,431.0,431.0,0.0,0.0,1900.0
2021-04-01,485.0,485.0,485.0,0.0,0.0,2000.0
2021-04-02,496.0,496.0,496.0,0.0,0.0,2100.0
2021-04-03,509.0,509.0,509.0,0.0,0.0,2100.0
2021-04-04,520.0,520.0,520.0,0.0,0.0,2000.0
2021-04-05,378.0,378.0,378.0,0.0,0.0,1800.0
2021-04-06,309.0,309.0,309.0,0.0,0.0,1500.0
2021-04-07,349.0,349.0,349.0,0.0,0.0,1500.0
2021-04-08,489.0,489.0,489.0,0.0,0.0,1900.0
2021-04-09,483.0,483.0,483.0,0.0,0.0,1900.0
2021-04-10,445.0,445.0,445.0,0.0,0.0,1900.0
2021-04-11,477.0,477.0,477.0,0.0,0.0,1900.0
2021-04-12,391.0,391.0,391.0,0.0,0.0,1600.0
2021-04-13,513.0,513.0,513.0,0.0,0.0,2000.0
2021-04-14,390.0,390.0,390.0,0.0,0.0,1700.0
2021-04-15,355.0,355.0,355.0,0.0,0.0,1500.0
2021-04-16,476.0,476.0,476.0,0.0,0.0,2000.0
2021-04-17,486.0,486.0,486.0,0.0,0.0,2000.0
2021-04-18,555.0,555.0,555.0,0.0,0.0,2000.0
2021-04-19,455.0,455.0,455.0,0.0,0.0,2000.0
2021-04-20,449.0,449.0,449.0,0.0,0.0,1900.0
2021-04-21,438.0,438.0,438.0,0.0,0.0,1900.0
2021-04-22,522.0,522.0,522.0,0.0,0.0,2000.0
2021-04-23,527.0,527.0,527.0,0.0,0.0,2100.0
2021-04-24,327.0,327.0,327.0,0.0,0.0,1500.0
2021-04-25,294.0,294.0,294.0,0.0,0.0,1300.0
2021-04-26,381.0,381.0,381.0,0.0,0.0,1600.0
2021-04-27,407.0,407.0,407.0,0.0,0.0,1600.0
2021-04-28,400.0,400.0,400.0,0.0,0.0,1700.0
2021-04-29,474.0,474.0,474.0,0.0,0.0,2100.0
2021-04-30,466.0,466.0,466.0,0.0,0.0,2100.0
2021-05-01,549.0,549.0,549.0,0.0,0.0,2100.0
2021-05-02,615.0,615.0,615.0,0.0,0.0,2300.0
2021-05-03,526.0,526.0,526.0,0.0,0.0,2200.0
2021-05-04,670.0,670.0,670.0,0.0,0.0,2600.0
2021-05-05,693.0,693.0,693.0,0.0,0.0,2500.0
2021-05-06,618.0,618.0,618.0,0.0,0.0,2200.0
2021-05-07,605.0,605.0,605.0,0.0,0.0,2300.0
2021-05-08,590.0,590.0,590.0,0.0,0.0,2200.0
2021-05-09,485.0,485.0,485.0,0.0,0.0,2000.0
2021-05-10,481.0,481.0,481.0,0.0,0.0,2000.0
2021-05-11,523.0,523.0,523.0,0.0,0.0,2000.0
2021-05-12,597.0,597.0,597.0,0.0,0.0,2100.0
2021-05-13,424.0,424.0,424.0,0.0,0.0,1700.0
2021-05-14,494.0,494.0,494.0,0.0,0.0,1900.0
2021-05-15,578.0,578.0,578.0,0.0,0.0,1900.0
2021-05-16,493.0,493.0,493.0,0.0,0.0,1800.0
2021-05-17,414.0,414.0,414.0,0.0,0.0,1600.0
2021-05-18,436.0,436.0,436.0,0.0,0.0,1800.0
2021-05-19,405.0,405.0,405.0,0.0,0.0,1700.0
2021-05-20,480.0,480.0,480.0,0.0,0.0,2000.0
2021-05-21,328.0,328.0,328.0,0.0,0.0,1700.0
2021-05-22,474.0,474.0,474.0,0.0,0.0,2000.0
2021-05-23,455.0,455.0,455.0,0.0,0.0,2200.0
2021-05-24,463.0,463.0,463.0,0.0,0.0,2100.0
2021-05-25,251.0,251.0,251.0,0.0,0.0,1600.0
2021-05-26,258.0,258.0,258.0,0.0,0.0,1400.0
2021-05-27,526.0,526.0,526.0,0.0,0.0,1900.0
2021-05-28,609.0,609.0,609.0,0.0,0.0,2200.0
2021-05-29,553.0,553.0,553.0,0.0,0.0,2100.0
2021-05-30,517.0,517.0,517.0,0.0,0.0,2000.0
2021-05-31,497.0,497.0,497.0,0.0,0.0,2100.0
2021-06-01,646.0,646.0,646.0,0.0,0.0,2300.0
2021-06-02,579.0,579.0,579.0,0.0,0.0,2300.0
2021-06-03,589.0,589.0,589.0,0.0,0.0,2200.0
2021-06-04,624.0,624.0,624.0,0.0,0.0,2100.0
2021-06-05,644.0,644.0,644.0,0.0,0.0,2200.0
2021-06-06,630.0,630.0,630.0,0.0,0.0,2300.0
2021-06-07,539.0,539.0,539.0,0.0,0.0,2100.0
2021-06-08,457.0,457.0,457.0,0.0,0.0,2200.0
2021-06-09,541.0,541.0,541.0,0.0,0.0,2300.0
2021-06-10,463.0,463.0,463.0,0.0,0.0,2000.0
2021-06-11,614.0,614.0,614.0,0.0,0.0,2400.0
2021-06-12,522.0,522.0,522.0,0.0,0.0,2300.0
2021-06-13,505.0,505.0,505.0,0.0,0.0,2200.0
2021-06-14,591.0,591.0,591.0,0.0,0.0,2400.0
2021-06-15,572.0,572.0,572.0,0.0,0.0,2200.0
2021-06-16,438.0,438.0,438.0,0.0,0.0,2000.0
2021-06-17,558.0,558.0,558.0,0.0,0.0,2300.0
2021-06-18,550.0,550.0,550.0,0.0,0.0,2300.0
2021-06-19,572.0,572.0,572.0,0.0,0.0,2200.0
2021-06-20,437.0,437.0,437.0,0.0,0.0,1900.0
2021-06-21,415.0,415.0,415.0,0.0,0.0,1700.0
2021-06-22,516.0,516.0,516.0,0.0,0.0,2200.0
2021-06-23,534.0,534.0,534.0,0.0,0.0,2200.0
2021-06-24,480.0,480.0,480.0,0.0,0.0,2100.0
2021-06-25,533.0,533.0,533.0,0.0,0.0,2400.0
2021-06-26,382.0,382.0,382.0,0.0,0.0,1900.0
2021-06-27,563.0,563.0,563.0,0.0,0.0,2300.0
2021-06-28,519.0,519.0,519.0,0.0,0.0,2400.0
2021-06-29,511.0,511.0,511.0,0.0,0.0,2500.0
2021-06-30,529.0,529.0,529.0,0.0,0.0,2500.0
2021-07-01,367.0,367.0,367.0,0.0,0.0,1700.0
2021-07-02,481.0,481.0,481.0,0.0,0.0,2200.0
2021-07-03,582.0,582.0,582.0,0.0,0.0,2300.0
2021-07-04,430.0,430.0,430.0,0.0,0.0,1900.0
2021-07-05,433.0,433.0,433.0,0.0,0.0,1900.0
2021-07-06,454.0,454.0,454.0,0.0,0.0,2100.0
2021-07-07,570.0,570.0,570.0,0.0,0.0,2300.0
2021-07-08,551.0,551.0,551.0,0.0,0.0,2600.0
2021-07-09,467.0,467.0,467.0,0.0,0.0,2300.0
2021-07-10,506.0,506.0,506.0,0.0,0.0,2400.0
2021-07-11,515.0,515.0,515.0,0.0,0.0,2400.0
2021-07-12,556.0,556.0,556.0,0.0,0.0,2400.0
2021-07-13,589.0,589.0,589.0,0.0,0.0,2400.0
2021-07-14,436.0,436.0,436.0,0.0,0.0,1900.0
2021-07-15,593.0,593.0,593.0,0.0,0.0,2500.0
2021-07-16,534.0,534.0,534.0,0.0,0.0,2300.0
2021-07-17,623.0,623.0,623.0,0.0,0.0,2400.0
2021-07-18,585.0,585.0,585.0,0.0,0.0,2400.0
2021-07-19,641.0,641.0,641.0,0.0,0.0,2700.0
2021-07-20,674.0,674.0,674.0,0.0,0.0,2800.0
2021-07-21,636.0,636.0,636.0,0.0,0.0,2600.0
2021-07-22,710.0,710.0,710.0,0.0,0.0,2700.0
2021-07-23,564.0,564.0,564.0,0.0,0.0,2500.0
2021-07-24,805.0,805.0,805.0,0.0,0.0,3300.0
2021-07-25,745.0,745.0,745.0,0.0,0.0,3100.0
2021-07-26,673.0,673.0,673.0,0.0,0.0,2900.0
2021-07-27,708.0,708.0,708.0,0.0,0.0,2900.0
2021-07-28,822.0,822.0,822.0,0.0,0.0,3100.0
2021-07-29,713.0,713.0,713.0,0.0,0.0,2800.0
2021-07-30,607.0,607.0,607.0,0.0,0.0,2600.0
2021-07-31,629.0,629.0,629.0,0.0,0.0,2700.0
2021-08-01,654.0,654.0,654.0,0.0,0.0,2700.0
2021-08-02,501.0,501.0,501.0,0.0,0.0,2200.0
2021-08-03,625.0,625.0,625.0,0.0,0.0,2600.0
2021-08-04,450.0,450.0,450.0,0.0,0.0,2200.0
2021-08-05,530.0,530.0,530.0,0.0,0.0,2200.0
2021-08-06,526.0,526.0,526.0,0.0,0.0,2100.0
2021-08-07,700.0,700.0,700.0,0.0,0.0,2600.0
2021-08-08,663.0,663.0,663.0,0.0,0.0,2600.0
2021-08-09,801.0,801.0,801.0,0.0,0.0,3200.0
2021-08-10,706.0,706.0,706.0,0.0,0.0,2700.0
2021-08-11,875.0,875.0,875.0,0.0,0.0,3100.0
2021-08-12,738.0,738.0,738.0,0.0,0.0,2800.0
2021-08-13,843.0,843.0,843.0,0.0,0.0,3000.0
2021-08-14,774.0,774.0,774.0,0.0,0.0,2900.0
2021-08-15,719.0,719.0,719.0,0.0,0.0,2700.0
2021-08-16,684.0,684.0,684.0,0.0,0.0,2500.0
2021-08-17,642.0,642.0,642.0,0.0,0.0,2600.0
2021-08-18,772.0,772.0,772.0,0.0,0.0,2800.0
2021-08-19,580.0,580.0,580.0,0.0,0.0,2300.0
2021-08-20,560.0,560.0,560.0,0.0,0.0,2200.0
2021-08-21,690.0,690.0,690.0,0.0,0.0,2500.0
2021-08-22,755.0,755.0,755.0,0.0,0.0,2800.0
2021-08-23,604.0,604.0,604.0,0.0,0.0,2400.0
2021-08-24,645.0,645.0,645.0,0.0,0.0,2600.0
2021-08-25,792.0,792.0,792.0,0.0,0.0,3100.0
2021-08-26,818.0,818.0,818.0,0.0,0.0,3100.0
2021-08-27,894.0,894.0,894.0,0.0,0.0,3400.0
2021-08-28,759.0,759.0,759.0,0.0,0.0,3000.0
2021-08-29,612.0,612.0,612.0,0.0,0.0,2300.0
2021-08-30,706.0,706.0,706.0,0.0,0.0,2700.0
2021-08-31,911.0,911.0,911.0,0.0,0.0,3300.0
2021-09-01,519.0,519.0,519.0,0.0,0.0,2100.0
2021-09-02,670.0,670.0,670.0,0.0,0.0,2700.0
2021-09-03,535.0,535.0,535.0,0.0,0.0,2200.0
2021-09-04,659.0,659.0,659.0,0.0,0.0,2500.0
2021-09-05,759.0,759.0,759.0,0.0,0.0,2900.0
2021-09-06,675.0,675.0,675.0,0.0,0.0,2700.0
2021-09-07,674.0,674.0,674.0,0.0,0.0,2800.0
2021-09-08,581.0,581.0,581.0,0.0,0.0,2600.0
2021-09-09,654.0,654.0,654.0,0.0,0.0,2800.0
2021-09-10,725.0,725.0,725.0,0.0,0.0,2900.0
2021-09-11,711.0,711.0,711.0,0.0,0.0,2900.0
2021-09-12,783.0,783.0,783.0,0.0,0.0,3100.0
2021-09-13,802.0,802.0,802.0,0.0,0.0,3100.0
2021-09-14,694.0,694.0,694.0,0.0,0.0,2800.0
2021-09-15,882.0,882.0,882.0,0.0,0.0,3300.0
2021-09-16,757.0,757.0,757.0,0.0,0.0,3100.0
2021-09-17,776.0,776.0,776.0,0.0,0.0,3200.0
2021-09-18,778.0,778.0,778.0,0.0,0.0,3200.0
2021-09-19,791.0,791.0,791.0,0.0,0.0,3100.0
2021-09-20,786.0,786.0,786.0,0.0,0.0,3000.0
2021-09-21,819.0,819.0,819.0,0.0,0.0,3300.0
2021-09-22,871.0,871.0,871.0,0.0,0.0,3500.0
2021-09-23,837.0,837.0,837.0,0.0,0.0,3300.0
2021-09-24,855.0,855.0,855.0,0.0,0.0,3400.0
2021-09-25,835.0,835.0,835.0,0.0,0.0,3400.0
2021-09-26,847.0,847.0,847.0,0.0,0.0,3300.0
2021-09-27,784.0,784.0,784.0,0.0,0.0,3100.0
2021-09-28,785.0,785.0,785.0,0.0,0.0,3200.0
2021-09-29,737.0,737.0,737.0,0.0,0.0,3000.0
2021-09-30,796.0,796.0,796.0,0.0,0.0,3100.0
2021-10-01,549.0,549.0,549.0,0.0,0.0,2400.0
2021-10-02,746.0,746.0,746.0,0.0,0.0,3000.0
2021-10-03,794.0,794.0,794.0,0.0,0.0,3300.0
2021-10-04,821.0,821.0,821.0,0.0,0.0,3200.0
2021-10-05,656.0,656.0,656.0,0.0,0.0,2800.0
2021-10-06,640.0,640.0,640.0,0.0,0.0,2900.0
2021-10-07,962.0,962.0,962.0,0.0,0.0,3600.0
2021-10-08,848.0,848.0,848.0,0.0,0.0,3300.0
2021-10-09,924.0,924.0,924.0,0.0,0.0,3600.0
2021-10-10,893.0,893.0,893.0,0.0,0.0,3700.0
2021-10-11,845.0,845.0,845.0,0.0,0.0,3400.0
2021-10-12,719.0,719.0,719.0,0.0,0.0,3100.0
2021-10-13,758.0,758.0,758.0,0.0,0.0,3000.0
2021-10-14,697.0,697.0,697.0,0.0,0.0,2900.0
2021-10-15,938.0,938.0,938.0,0.0,0.0,3500.0
2021-10-16,831.0,831.0,831.0,0.0,0.0,3200.0
2021-10-17,972.0,972.0,972.0,0.0,0.0,3500.0
2021-10-18,919.0,919.0,919.0,0.0,0.0,3500.0
2021-10-19,887.0,887.0,887.0,0.0,0.0,3500.0
2021-10-20,1151.0,1151.0,1151.0,0.0,0.0,4000.0
2021-10-21,1038.0,1038.0,1038.0,0.0,0.0,3700.0
2021-10-22,915.0,915.0,915.0,0.0,0.0,3400.0
2021-10-23,950.0,950.0,950.0,0.0,0.0,3700.0
2021-10-24,764.0,764.0,764.0,0.0,0.0,3400.0
2021-10-25,933.0,933.0,933.0,0.0,0.0,3500.0
2021-10-26,868.0,868.0,868.0,0.0,0.0,3500.0
2021-10-27,1070.0,1070.0,1070.0,0.0,0.0,3900.0
2021-10-28,994.0,994.0,994.0,0.0,0.0,3700.0
2021-10-29,897.0,897.0,897.0,0.0,0.0,3200.0
2021-10-30,1080.0,1080.0,1080.0,0.0,0.0,3700.0
2021-10-31,977.0,977.0,977.0,0.0,0.0,3600.0
2021-11-01,911.0,911.0,911.0,0.0,0.0,3300.0
2021-11-02,1098.0,1098.0,1098.0,0.0,0.0,3800.0
2021-11-03,1084.0,1084.0,1084.0,0.0,0.0,3600.0
2021-11-04,1111.0,1111.0,1111.0,0.0,0.0,3600.0
2021-11-05,1014.0,1014.0,1014.0,0.0,0.0,3700.0
2021-11-06,1096.0,1096.0,1096.0,0.0,0.0,3900.0
2021-11-07,1036.0,1036.0,1036.0,0.0,0.0,3700.0
2021-11-08,933.0,933.0,933.0,0.0,0.0,3300.0
2021-11-09,1244.0,1244.0,1244.0,0.0,0.0,4100.0
2021-11-10,1040.0,1040.0,1040.0,0.0,0.0,3700.0
2021-11-11,1115.0,1115.0,1115.0,0.0,0.0,4000.0
2021-11-12,1084.0,1084.0,1084.0,0.0,0.0,3800.0
2021-11-13,1120.0,1120.0,1120.0,0.0,0.0,3900.0
2021-11-14,1167.0,1167.0,1167.0,0.0,0.0,4000.0
2021-11-15,935.0,935.0,935.0,0.0,0.0,3400.0
2021-11-16,1077.0,1077.0,1077.0,0.0,0.0,3800.0
2021-11-17,1060.0,1060.0,1060.0,0.0,0.0,3800.0
2021-11-18,1097.0,1097.0,1097.0,0.0,0.0,4000.0
2021-11-19,1170.0,1170.0,1170.0,0.0,0.0,4000.0
2021-11-20,1233.0,1233.0,1233.0,0.0,0.0,4200.0
2021-11-21,1056.0,1056.0,1056.0,0.0,0.0,3900.0
2021-11-22,1213.0,1213.0,1213.0,0.0,0.0,4300.0
2021-11-23,1176.0,1176.0,1176.0,0.0,0.0,4000.0
2021-11-24,939.0,939.0,939.0,0.0,0.0,3600.0
2021-11-25,1076.0,1076.0,1076.0,0.0,0.0,3800.0
2021-11-26,1095.0,1095.0,1095.0,0.0,0.0,4100.0
2021-11-27,960.0,960.0,960.0,0.0,0.0,3700.0
2021-11-28,911.0,911.0,911.0,0.0,0.0,3400.0
2021-11-29,1104.0,1104.0,1104.0,0.0,0.0,4100.0
2021-11-30,1140.0,1140.0,1140.0,0.0,0.0,4200.0
2021-12-01,1083.0,1083.0,1083.0,0.0,0.0,4100.0
2021-12-02,961.0,961.0,961.0,0.0,0.0,3600.0
2021-12-03,1027.0,1027.0,1027.0,0.0,0.0,3600.0
2021-12-04,1211.0,1211.0,1211.0,0.0,0.0,4200.0
2021-12-05,1094.0,1094.0,1094.0,0.0,0.0,4000.0
2021-12-06,903.0,903.0,903.0,0.0,0.0,3600.0
2021-12-07,972.0,972.0,972.0,0.0,0.0,3800.0
2021-12-08,1097.0,1097.0,1097.0,0.0,0.0,4200.0
2021-12-09,1149.0,1149.0,1149.0,0.0,0.0,3900.0
2021-12-10,931.0,931.0,931.0,0.0,0.0,3500.0
2021-12-11,1034.0,1034.0,1034.0,0.0,0.0,4000.0
2021-12-12,1133.0,1133.0,1133.0,0.0,0.0,4100.0
2021-12-13,1008.0,1008.0,1008.0,0.0,0.0,3800.0
2021-12-14,1067.0,1067.0,1067.0,0.0,0.0,3800.0
2021-12-15,1213.0,1213.0,1213.0,0.0,0.0,4100.0
2021-12-16,988.0,988.0,988.0,0.0,0.0,3700.0
2021-12-17,1141.0,1141.0,1141.0,0.0,0.0,4200.0
2021-12-18,967.0,967.0,967.0,0.0,0.0,3800.0
2021-12-19,1119.0,1119.0,1119.0,0.0,0.0,4100.0
2021-12-20,1100.0,1100.0,1100.0,0.0,0.0,4100.0
2021-12-21,1182.0,1182.0,1182.0,0.0,0.0,4200.0
2021-12-22,1092.0,1092.0,1092.0,0.0,0.0,4000.0
2021-12-23,1093.0,1093.0,1093.0,0.0,0.0,4000.0
2021-12-24,1186.0,1186.0,1186.0,0.0,0.0,4100.0
2021-12-25,976.0,976.0,976.0,0.0,0.0,3300.0
2021-12-26,1043.0,1043.0,1043.0,0.0,0.0,3600.0
2021-12-27,956.0,956.0,956.0,0.0,0.0,3600.0
2021-12-28,968.0,968.0,968.0,0.0,0.0,3500.0
2021-12-29,911.0,911.0,911.0,0.0,0.0,3300.0
2021-12-30,873.0,873.0,873.0,0.0,0.0,3300.0
2021-12-31,821.0,821.0,821.0,0.0,0.0,3100.0
2022-01-01,858.0,858.0,858.0,0.0,0.0,3200.0
2022-01-02,816.0,816.0,816.0,0.0,0.0,3100.0
2022-01-03,825.0,825.0,825.0,0.0,0.0,3100.0
2022-01-04,747.0,747.0,747.0,0.0,0.0,3000.0
2022-01-05,706.0,706.0,706.0,0.0,0.0,2800.0
2022-01-06,632.0,632.0,632.0,0.0,0.0,2700.0
2022-01-07,673.0,673.0,673.0,0.0,0.0,2800.0
2022-01-08,717.0,717.0,717.0,0.0,0.0,2700.0
2022-01-09,664.0,664.0,664.0,0.0,0.0,2500.0
2022-01-10,522.0,522.0,522.0,0.0,0.0,2100.0
2022-01-11,487.0,487.0,487.0,0.0,0.0,1800.0
2022-01-12,463.0,463.0,463.0,0.0,0.0,1800.0
2022-01-13,347.0,347.0,347.0,0.0,0.0,1700.0
2022-01-14,383.0,383.0,383.0,0.0,0.0,1700.0
2022-01-15,556.0,556.0,556.0,0.0,0.0,2200.0
2022-01-16,689.0,689.0,689.0,0.0,0.0,2700.0
2022-01-17,451.0,451.0,451.0,0.0,0.0,2100.0
2022-01-18,467.0,467.0,467.0,0.0,0.0,2100.0
2022-01-19,669.0,669.0,669.0,0.0,0.0,2700.0
2022-01-20,642.0,642.0,642.0,0.0,0.0,2800.0
2022-01-21,891.0,891.0,891.0,0.0,0.0,3000.0
2022-01-22,1025.0,1025.0,1025.0,0.0,0.0,3400.0
2022-01-23,1097.0,1097.0,1097.0,0.0,0.0,3600.0
2022-01-24,1081.0,1081.0,1081.0,0.0,0.0,3500.0
2022-01-25,1018.0,1018.0,1018.0,0.0,0.0,3300.0
2022-01-26,970.0,970.0,970.0,0.0,0.0,3400.0
2022-01-27,1060.0,1060.0,1060.0,0.0,0.0,3300.0
2022-01-28,1081.0,1081.0,1081.0,0.0,0.0,3500.0
2022-01-29,1075.0,1075.0,1075.0,0.0,0.0,3600.0
2022-01-30,1081.0,1081.0,1081.0,0.0,0.0,3400.0
2022-01-31,1173.0,1173.0,1173.0,0.0,0.0,3800.0
2022-02-01,882.0,882.0,882.0,0.0,0.0,3200.0
2022-02-02,1074.0,1074.0,1074.0,0.0,0.0,3800.0
2022-02-03,1261.0,1261.0,1261.0,0.0,0.0,4100.0
2022-02-04,1194.0,1194.0,1194.0,0.0,0.0,4100.0
2022-02-05,1437.0,1437.0,1437.0,0.0,0.0,4400.0
2022-02-06,1395.0,1395.0,1395.0,0.0,0.0,4400.0
2022-02-07,1320.0,1320.0,1320.0,0.0,0.0,4100.0
2022-02-08,1328.0,1328.0,1328.0,0.0,0.0,4400.0
2022-02-09,1382.0,1382.0,1382.0,0.0,0.0,4400.0
2022-02-10,1196.0,1196.0,1196.0,0.0,0.0,4000.0
2022-02-11,1277.0,1277.0,1277.0,0.0,0.0,3900.0
2022-02-12,1356.0,1356.0,1356.0,0.0,0.0,4200.0
2022-02-13,1653.0,1653.0,1653.0,0.0,0.0,5000.0
2022-02-14,1436.0,1436.0,1436.0,0.0,0.0,4600.0
2022-02-15,1438.0,1438.0,1438.0,0.0,0.0,4600.0
2022-02-16,1306.0,1306.0,1306.0,0.0,0.0,4400.0
2022-02-17,1542.0,1542.0,1542.0,0.0,0.0,5000.0
2022-02-18,1712.0,1712.0,1712.0,0.0,0.0,5400.0
2022-02-19,1652.0,1652.0,1652.0,0.0,0.0,5300.0
2022-02-20,1525.0,1525.0,1525.0,0.0,0.0,4900.0
2022-02-21,1544.0,1544.0,1544.0,0.0,0.0,4700.0
2022-02-22,1509.0,1509.0,1509.0,0.0,0.0,4500.0
2022-02-23,1061.0,1061.0,1061.0,0.0,0.0,3900.0
2022-02-24,1535.0,1535.0,1535.0,0.0,0.0,4800.0
2022-02-25,1512.0,1512.0,1512.0,0.0,0.0,4800.0
2022-02-26,1542.0,1542.0,1542.0,0.0,0.0,5000.0
2022-02-27,1472.0,1472.0,1472.0,0.0,0.0,4900.0
2022-02-28,1604.0,1604.0,1604.0,0.0,0.0,5100.0
2022-03-01,1464.0,1464.0,1464.0,0.0,0.0,4900.0
2022-03-02,1379.0,1379.0,1379.0,0.0,0.0,4600.0
2022-03-03,1613.0,1613.0,1613.0,0.0,0.0,5300.0
2022-03-04,1477.0,1477.0,1477.0,0.0,0.0,4900.0
2022-03-05,1485.0,1485.0,1485.0,0.0,0.0,4900.0
2022-03-06,1512.0,1512.0,1512.0,0.0,0.0,4900.0
2022-03-07,1573.0,1573.0,1573.0,0.0,0.0,5100.0
2022-03-08,1343.0,1343.0,1343.0,0.0,0.0,4400.0
2022-03-09,1347.0,1347.0,1347.0,0.0,0.0,4400.0
2022-03-10,1469.0,1469.0,1469.0,0.0,0.0,4900.0
2022-03-11,1292.0,1292.0,1292.0,0.0,0.0,4300.0
2022-03-12,1498.0,1498.0,1498.0,0.0,0.0,4800.0
2022-03-13,1500.0,1500.0,1500.0,0.0,0.0,4700.0
2022-03-14,1578.0,1578.0,1578.0,0.0,0.0,4900.0
2022-03-15,1512.0,1512.0,1512.0,0.0,0.0,4800.0
2022-03-16,1474.0,1474.0,1474.0,0.0,0.0,4800.0
2022-03-17,1394.0,1394.0,1394.0,0.0,0.0,4500.0
2022-03-18,1584.0,1584.0,1584.0,0.0,0.0,5000.0
2022-03-19,1469.0,1469.0,1469.0,0.0,0.0,4900.0
2022-03-20,1632.0,1632.0,1632.0,0.0,0.0,4900.0
2022-03-21,1506.0,1506.0,1506.0,0.0,0.0,4800.0
2022-03-22,1461.0,1461.0,1461.0,0.0,0.0,5000.0
2022-03-23,1494.0,1494.0,1494.0,0.0,0.0,4900.0
2022-03-24,1573.0,1573.0,1573.0,0.0,0.0,5200.0
2022-03-25,1642.0,1642.0,1642.0,0.0,0.0,5200.0
2022-03-26,1499.0,1499.0,1499.0,0.0,0.0,4900.0
2022-03-27,1402.0,1402.0,1402.0,0.0,0.0,4700.0
2022-03-28,1464.0,1464.0,1464.0,0.0,0.0,4900.0
2022-03-29,1576.0,1576.0,1576.0,0.0,0.0,5400.0
2022-03-30,1656.0,1656.0,1656.0,0.0,0.0,5300.0
2022-03-31,1771.0,1771.0,1771.0,0.0,0.0,5500.0
2022-04-01,1668.0,1668.0,1668.0,0.0,0.0,5100.0
2022-04-02,1503.0,1503.0,1503.0,0.0,0.0,4700.0
2022-04-03,1481.0,1481.0,1481.0,0.0,0.0,5200.0
2022-04-04,1361.0,1361.0,1361.0,0.0,0.0,4400.0
2022-04-05,1198.0,1198.0,1198.0,0.0,0.0,4100.0
2022-04-06,1355.0,1355.0,1355.0,0.0,0.0,4500.0
2022-04-07,1457.0,1457.0,1457.0,0.0,0.0,4700.0
2022-04-08,1324.0,1324.0,1324.0,0.0,0.0,4400.0
2022-04-09,1471.0,1471.0,1471.0,0.0,0.0,4800.0
2022-04-10,1670.0,1670.0,1670.0,0.0,0.0,5400.0
2022-04-11,1348.0,1348.0,1348.0,0.0,0.0,4600.0
2022-04-12,1407.0,1407.0,1407.0,0.0,0.0,4800.0
2022-04-13,1424.0,1424.0,1424.0,0.0,0.0,4700.0
2022-04-14,1360.0,1360.0,1360.0,0.0,0.0,4700.0
2022-04-15,1463.0,1463.0,1463.0,0.0,0.0,4900.0
2022-04-16,1461.0,1461.0,1461.0,0.0,0.0,4800.0
2022-04-17,1429.0,1429.0,1429.0,0.0,0.0,4900.0
2022-04-18,1619.0,1619.0,1619.0,0.0,0.0,5400.0
2022-04-19,1681.0,1681.0,1681.0,0.0,0.0,5400.0
2022-04-20,1467.0,1467.0,1467.0,0.0,0.0,4800.0
2022-04-21,1400.0,1400.0,1400.0,0.0,0.0,4700.0
2022-04-22,1551.0,1551.0,1551.0,0.0,0.0,4700.0
2022-04-23,1439.0,1439.0,1439.0,0.0,0.0,4600.0
2022-04-24,1526.0,1526.0,1526.0,0.0,0.0,4900.0
2022-04-25,1423.0,1423.0,1423.0,0.0,0.0,4800.0
2022-04-26,1532.0,1532.0,1532.0,0.0,0.0,4900.0
2022-04-27,1629.0,1629.0,1629.0,0.0,0.0,5300.0
2022-04-28,1626.0,1626.0,1626.0,0.0,0.0,5200.0
2022-04-29,1679.0,1679.0,1679.0,0.0,0.0,5400.0
2022-04-30,1669.0,1669.0,1669.0,0.0,0.0,5400.0
2022-05-01,1567.0,1567.0,1567.0,0.0,0.0,5100.0
2022-05-02,1639.0,1639.0,1639.0,0.0,0.0,5300.0
2022-05-03,1487.0,1487.0,1487.0,0.0,0.0,4900.0
2022-05-04,1497.0,1497.0,1497.0,0.0,0.0,4800.0
2022-05-05,1572.0,1572.0,1572.0,0.0,0.0,5000.0
2022-05-06,1540.0,1540.0,1540.0,0.0,0.0,5000.0
2022-05-07,1606.0,1606.0,1606.0,0.0,0.0,5300.0
2022-05-08,1596.0,1596.0,1596.0,0.0,0.0,5200.0
2022-05-09,1511.0,1511.0,1511.0,0.0,0.0,5000.0
2022-05-10,1683.0,1683.0,1683.0,0.0,0.0,5600.0
2022-05-11,1745.0,1745.0,1745.0,0.0,0.0,5500.0
2022-05-12,1620.0,1620.0,1620.0,0.0,0.0,5300.0
2022-05-13,1670.0,1670.0,1670.0,0.0,0.0,5400.0
2022-05-14,1512.0,1512.0,1512.0,0.0,0.0,5100.0
2022-05-15,1527.0,1527.0,1527.0,0.0,0.0,5100.0
2022-05-16,1584.0,1584.0,1584.0,0.0,0.0,5300.0
2022-05-17,1510.0,1510.0,1510.0,0.0,0.0,5100.0
2022-05-18,1653.0,1653.0,1653.0,0.0,0.0,5400.0
2022-05-19,1772.0,1772.0,1772.0,0.0,0.0,5700.0
2022-05-20,1566.0,1566.0,1566.0,0.0,0.0,5200.0
2022-05-21,1633.0,1633.0,1633.0,0.0,0.0,5200.0
2022-05-22,1740.0,1740.0,1740.0,0.0,0.0,5500.0
2022-05-23,1803.0,1803.0,1803.0,0.0,0.0,5600.0
2022-05-24,1747.0,1747.0,1747.0,0.0,0.0,5700.0
2022-05-25,1839.0,1839.0,1839.0,0.0,0.0,6000.0
2022-05-26,1767.0,1767.0,1767.0,0.0,0.0,5600.0
2022-05-27,1822.0,1822.0,1822.0,0.0,0.0,5700.0
2022-05-28,1658.0,1658.0,1658.0,0.0,0.0,5300.0
2022-05-29,1802.0,1802.0,1802.0,0.0,0.0,5800.0
2022-05-30,1592.0,1592.0,1592.0,0.0,0.0,5300.0
2022-05-31,1702.0,1702.0,1702.0,0.0,0.0,5700.0
2022-06-01,1538.0,1538.0,1538.0,0.0,0.0,5200.0
2022-06-02,1607.0,1607.0,1607.0,0.0,0.0,5200.0
2022-06-03,1728.0,1728.0,1728.0,0.0,0.0,5600.0
2022-06-04,1732.0,1732.0,1732.0,0.0,0.0,5500.0
2022-06-05,1805.0,1805.0,1805.0,0.0,0.0,5800.0
2022-06-06,1718.0,1718.0,1718.0,0.0,0.0,5500.0
2022-06-07,1639.0,1639.0,1639.0,0.0,0.0,5400.0
2022-06-08,1533.0,1533.0,1533.0,0.0,0.0,5000.0
2022-06-09,1409.0,1409.0,1409.0,0.0,0.0,4700.0
2022-06-10,1594.0,1594.0,1594.0,0.0,0.0,5100.0
2022-06-11,1482.0,1482.0,1482.0,0.0,0.0,5000.0
2022-06-12,1559.0,1559.0,1559.0,0.0,0.0,5200.0
2022-06-13,1736.0,1736.0,1736.0,0.0,0.0,5600.0
2022-06-14,1562.0,1562.0,1562.0,0.0,0.0,5100.0
2022-06-15,1547.0,1547.0,1547.0,0.0,0.0,5200.0
2022-06-16,1734.0,1734.0,1734.0,0.0,0.0,5300.0
2022-06-17,1776.0,1776.0,1776.0,0.0,0.0,5400.0
2022-06-18,1883.0,1883.0,1883.0,0.0,0.0,5900.0
2022-06-19,1683.0,1683.0,1683.0,0.0,0.0,5400.0
2022-06-20,1761.0,1761.0,1761.0,0.0,0.0,5400.0
2022-06-21,1770.0,1770.0,1770.0,0.0,0.0,5600.0
2022-06-22,1798.0,1798.0,1798.0,0.0,0.0,5700.0
2022-06-23,1728.0,1728.0,1728.0,0.0,0.0,5500.0
2022-06-24,1842.0,1842.0,1842.0,0.0,0.0,5800.0
2022-06-25,1745.0,1745.0,1745.0,0.0,0.0,5700.0
2022-06-26,1734.0,1734.0,1734.0,0.0,0.0,5700.0
2022-06-27,1699.0,1699.0,1699.0,0.0,0.0,5300.0
2022-06-28,1801.0,1801.0,1801.0,0.0,0.0,5900.0
2022-06-29,1738.0,1738.0,1738.0,0.0,0.0,5700.0
2022-06-30,1475.0,1475.0,1475.0,0.0,0.0,4900.0
2022-07-01,1671.0,1671.0,1671.0,0.0,0.0,5400.0
2022-07-02,1482.0,1482.0,1482.0,0.0,0.0,5000.0
2022-07-03,1608.0,1608.0,1608.0,0.0,0.0,5300.0
2022-07-04,1573.0,1573.0,1573.0,0.0,0.0,5300.0
2022-07-05,1603.0,1603.0,1603.0,0.0,0.0,5000.0
2022-07-06,1349.0,1349.0,1349.0,0.0,0.0,4600.0
2022-07-07,1611.0,1611.0,1611.0,0.0,0.0,5000.0
2022-07-08,1534.0,1534.0,1534.0,0.0,0.0,4800.0
2022-07-09,1585.0,1585.0,1585.0,0.0,0.0,4800.0
2022-07-10,1470.0,1470.0,1470.0,0.0,0.0,4600.0
2022-07-11,1441.0,1441.0,1441.0,0.0,0.0,4600.0
2022-07-12,1361.0,1361.0,1361.0,0.0,0.0,4500.0
2022-07-13,1429.0,1429.0,1429.0,0.0,0.0,4500.0
2022-07-14,1573.0,1573.0,1573.0,0.0,0.0,5000.0
2022-07-15,1480.0,1480.0,1480.0,0.0,0.0,4700.0
2022-07-16,1623.0,1623.0,1623.0,0.0,0.0,5000.0
2022-07-17,1647.0,1647.0,1647.0,0.0,0.0,5000.0
2022-07-18,1542.0,1542.0,1542.0,0.0,0.0,4800.0
2022-07-19,1623.0,1623.0,1623.0,0.0,0.0,5000.0
2022-07-20,1445.0,1445.0,1445.0,0.0,0.0,4600.0
2022-07-21,1533.0,1533.0,1533.0,0.0,0.0,4700.0
2022-07-22,1442.0,1442.0,1442.0,0.0,0.0,4400.0
2022-07-23,1366.0,1366.0,1366.0,0.0,0.0,4200.0
2022-07-24,1572.0,1572.0,1572.0,0.0,0.0,4800.0
2022-07-25,1452.0,1452.0,1452.0,0.0,0.0,4600.0
2022-07-26,1526.0,1526.0,1526.0,0.0,0.0,4700.0
2022-07-27,1568.0,1568.0,1568.0,0.0,0.0,5000.0
2022-07-28,1482.0,1482.0,1482.0,0.0,0.0,5000.0
2022-07-29,1565.0,1565.0,1565.0,0.0,0.0,5300.0
2022-07-30,1532.0,1532.0,1532.0,0.0,0.0,5200.0
2022-07-31,1565.0,1565.0,1565.0,0.0,0.0,5300.0
2022-08-01,1552.0,1552.0,1552.0,0.0,0.0,5300.0
2022-08-02,1541.0,1541.0,1541.0,0.0,0.0,5200.0
2022-08-03,1625.0,1625.0,1625.0,0.0,0.0,5400.0
2022-08-04,1475.0,1475.0,1475.0,0.0,0.0,5100.0
2022-08-05,1327.0,1327.0,1327.0,0.0,0.0,4600.0
2022-08-06,1471.0,1471.0,1471.0,0.0,0.0,5200.0
2022-08-07,1588.0,1588.0,1588.0,0.0,0.0,5200.0
2022-08-08,1320.0,1320.0,1320.0,0.0,0.0,4700.0
2022-08-09,1482.0,1482.0,1482.0,0.0,0.0,4800.0
2022-08-10,1567.0,1567.0,1567.0,0.0,0.0,5000.0
2022-08-11,1642.0,1642.0,1642.0,0.0,0.0,5200.0
2022-08-12,1489.0,1489.0,1489.0,0.0,0.0,4900.0
2022-08-13,1511.0,1511.0,1511.0,0.0,0.0,4900.0
2022-08-14,1503.0,1503.0,1503.0,0.0,0.0,4900.0
2022-08-15,1531.0,1531.0,1531.0,0.0,0.0,5100.0
2022-08-16,1477.0,1477.0,1477.0,0.0,0.0,5200.0
2022-08-17,1486.0,1486.0,1486.0,0.0,0.0,5200.0
2022-08-18,1471.0,1471.0,1471.0,0.0,0.0,5100.0
2022-08-19,1535.0,1535.0,1535.0,0.0,0.0,5500.0
2022-08-20,1576.0,1576.0,1576.0,0.0,0.0,5200.0
2022-08-21,1422.0,1422.0,1422.0,0.0,0.0,5000.0
2022-08-22,1471.0,1471.0,1471.0,0.0,0.0,5100.0
2022-08-23,1621.0,1621.0,1621.0,0.0,0.0,5400.0
2022-08-24,1558.0,1558.0,1558.0,0.0,0.0,5400.0
2022-08-25,1541.0,1541.0,1541.0,0.0,0.0,5100.0
2022-08-26,1489.0,1489.0,1489.0,0.0,0.0,5000.0
2022-08-27,1532.0,1532.0,1532.0,0.0,0.0,5100.0
2022-08-28,1485.0,1485.0,1485.0,0.0,0.0,5000.0
2022-08-29,1404.0,1404.0,1404.0,0.0,0.0,4800.0
2022-08-30,1470.0,1470.0,1470.0,0.0,0.0,4900.0
2022-08-31,1539.0,1539.0,1539.0,0.0,0.0,5100.0
2022-09-01,1491.0,1491.0,1491.0,0.0,0.0,5000.0
2022-09-02,1514.0,1514.0,1514.0,0.0,0.0,5100.0
2022-09-03,1497.0,1497.0,1497.0,0.0,0.0,5000.0
2022-09-04,1520.0,1520.0,1520.0,0.0,0.0,5000.0
2022-09-05,1556.0,1556.0,1556.0,0.0,0.0,5200.0
2022-09-06,1622.0,1622.0,1622.0,0.0,0.0,5300.0
2022-09-07,1517.0,1517.0,1517.0,0.0,0.0,5100.0
2022-09-08,1596.0,1596.0,1596.0,0.0,0.0,5200.0
2022-09-09,1730.0,1730.0,1730.0,0.0,0.0,5400.0
2022-09-10,1622.0,1622.0,1622.0,0.0,0.0,5100.0
2022-09-11,1696.0,1696.0,1696.0,0.0,0.0,5300.0
2022-09-12,1555.0,1555.0,1555.0,0.0,0.0,5100.0
2022-09-13,1415.0,1415.0,1415.0,0.0,0.0,4600.0
2022-09-14,1609.0,1609.0,1609.0,0.0,0.0,5100.0
2022-09-15,1660.0,1660.0,1660.0,0.0,0.0,5300.0
2022-09-16,1592.0,1592.0,1592.0,0.0,0.0,5200.0
2022-09-17,1603.0,1603.0,1603.0,0.0,0.0,5300.0
2022-09-18,1666.0,1666.0,1666.0,0.0,0.0,5600.0
2022-09-19,1657.0,1657.0,1657.0,0.0,0.0,5400.0
2022-09-20,1469.0,1469.0,1469.0,0.0,0.0,5000.0
2022-09-21,1428.0,1428.0,1428.0,0.0,0.0,4900.0
2022-09-22,1425.0,1425.0,1425.0,0.0,0.0,5000.0
2022-09-23,1492.0,1492.0,1492.0,0.0,0.0,5300.0
2022-09-24,1597.0,1597.0,1597.0,0.0,0.0,5500.0
2022-09-25,1597.0,1597.0,1597.0,0.0,0.0,5500.0
2022-09-26,1740.0,1740.0,1740.0,0.0,0.0,5600.0
2022-09-27,1864.0,1864.0,1864.0,0.0,0.0,5900.0
2022-09-28,1770.0,1770.0,1770.0,0.0,0.0,5700.0
2022-09-29,1656.0,1656.0,1656.0,0.0,0.0,5700.0
2022-09-30,1741.0,1741.0,1741.0,0.0,0.0,5800.0
2022-10-01,1643.0,1643.0,1643.0,0.0,0.0,5500.0
2022-10-02,1605.0,1605.0,1605.0,0.0,0.0,5500.0
2022-10-03,1460.0,1460.0,1460.0,0.0,0.0,4800.0
2022-10-04,1677.0,1677.0,1677.0,0.0,0.0,5400.0
2022-10-05,1613.0,1613.0,1613.0,0.0,0.0,5300.0
2022-10-06,1600.0,1600.0,1600.0,0.0,0.0,5300.0
2022-10-07,1713.0,1713.0,1713.0,0.0,0.0,5600.0
2022-10-08,1685.0,1685.0,1685.0,0.0,0.0,5600.0
2022-10-09,1673.0,1673.0,1673.0,0.0,0.0,5500.0
2022-10-10,1582.0,1582.0,1582.0,0.0,0.0,5300.0
2022-10-11,1567.0,1567.0,1567.0,0.0,0.0,5300.0
2022-10-12,1584.0,1584.0,1584.0,0.0,0.0,5100.0
2022-10-13,1374.0,1374.0,1374.0,0.0,0.0,4800.0
2022-10-14,1441.0,1441.0,1441.0,0.0,0.0,5000.0
2022-10-15,1473.0,1473.0,1473.0,0.0,0.0,5100.0
2022-10-16,1569.0,1569.0,1569.0,0.0,0.0,5300.0
2022-10-17,1580.0,1580.0,1580.0,0.0,0.0,5300.0
2022-10-18,1720.0,1720.0,1720.0,0.0,0.0,5600.0
2022-10-19,1733.0,1733.0,1733.0,0.0,0.0,5600.0
2022-10-20,1708.0,1708.0,1708.0,0.0,0.0,5500.0
2022-10-21,1530.0,1530.0,1530.0,0.0,0.0,5100.0
2022-10-22,1729.0,1729.0,1729.0,0.0,0.0,5400.0
2022-10-23,1699.0,1699.0,1699.0,0.0,0.0,5400.0
2022-10-24,1634.0,1634.0,1634.0,0.0,0.0,5500.0
2022-10-25,1731.0,1731.0,1731.0,0.0,0.0,5500.0
2022-10-26,1731.0,1731.0,1731.0,0.0,0.0,5700.0
2022-10-27,1687.0,1687.0,1687.0,0.0,0.0,5700.0
2022-10-28,1528.0,1528.0,1528.0,0.0,0.0,5200.0
2022-10-29,1533.0,1533.0,1533.0,0.0,0.0,5200.0
2022-10-30,1452.0,1452.0,1452.0,0.0,0.0,5000.0
2022-10-31,1376.0,1376.0,1376.0,0.0,0.0,4800.0
2022-11-01,1407.0,1407.0,1407.0,0.0,0.0,5000.0
2022-11-02,1491.0,1491.0,1491.0,0.0,0.0,5000.0
2022-11-03,1234.0,1234.0,1234.0,0.0,0.0,4300.0
2022-11-04,1441.0,1441.0,1441.0,0.0,0.0,4700.0
2022-11-05,1362.0,1362.0,1362.0,0.0,0.0,4500.0
2022-11-06,1409.0,1409.0,1409.0,0.0,0.0,4600.0
2022-11-07,1239.0,1239.0,1239.0,0.0,0.0,4000.0
2022-11-08,1403.0,1403.0,1403.0,0.0,0.0,4600.0
2022-11-09,1456.0,1456.0,1456.0,0.0,0.0,4600.0
2022-11-10,1510.0,1510.0,1510.0,0.0,0.0,4800.0
2022-11-11,1506.0,1506.0,1506.0,0.0,0.0,4800.0
2022-11-12,1500.0,1500.0,1500.0,0.0,0.0,4800.0
2022-11-13,1413.0,1413.0,1413.0,0.0,0.0,4400.0
2022-11-14,1588.0,1588.0,1588.0,0.0,0.0,5100.0
2022-11-15,1482.0,1482.0,1482.0,0.0,0.0,4800.0
2022-11-16,1523.0,1523.0,1523.0,0.0,0.0,4800.0
2022-11-17,1526.0,1526.0,1526.0,0.0,0.0,4700.0
2022-11-18,1640.0,1640.0,1640.0,0.0,0.0,5000.0
2022-11-19,1616.0,1616.0,1616.0,0.0,0.0,4800.0
2022-11-20,1536.0,1536.0,1536.0,0.0,0.0,4700.0
2022-11-21,1401.0,1401.0,1401.0,0.0,0.0,4200.0
2022-11-22,1151.0,1151.0,1151.0,0.0,0.0,3600.0
2022-11-23,910.0,910.0,910.0,0.0,0.0,3200.0
2022-11-24,1182.0,1182.0,1182.0,0.0,0.0,3700.0
2022-11-25,1088.0,1088.0,1088.0,0.0,0.0,3300.0
2022-11-26,1144.0,1144.0,1144.0,0.0,0.0,3500.0
2022-11-27,1102.0,1102.0,1102.0,0.0,0.0,3500.0
2022-11-28,1204.0,1204.0,1204.0,0.0,0.0,3800.0
2022-11-29,1072.0,1072.0,1072.0,0.0,0.0,3400.0
2022-11-30,1176.0,1176.0,1176.0,0.0,0.0,3500.0
2022-12-01,984.0,984.0,984.0,0.0,0.0,3200.0
2022-12-02,997.0,997.0,997.0,0.0,0.0,3300.0
2022-12-03,1183.0,1183.0,1183.0,0.0,0.0,3700.0
2022-12-04,1252.0,1252.0,1252.0,0.0,0.0,3900.0
2022-12-05,1246.0,1246.0,1246.0,0.0,0.0,3900.0
2022-12-06,1509.0,1509.0,1509.0,0.0,0.0,4400.0
2022-12-07,1458.0,1458.0,1458.0,0.0,0.0,4200.0
2022-12-08,1622.0,1622.0,1622.0,0.0,0.0,4700.0
2022-12-09,1452.0,1452.0,1452.0,0.0,0.0,4400.0
2022-12-10,1335.0,1335.0,1335.0,0.0,0.0,4100.0
2022-12-11,1468.0,1468.0,1468.0,0.0,0.0,4400.0
2022-12-12,1376.0,1376.0,1376.0,0.0,0.0,4000.0
2022-12-13,1467.0,1467.0,1467.0,0.0,0.0,4300.0
2022-12-14,1396.0,1396.0,1396.0,0.0,0.0,4100.0
2022-12-15,1356.0,1356.0,1356.0,0.0,0.0,3900.0
2022-12-16,1391.0,1391.0,1391.0,0.0,0.0,4000.0
2022-12-17,1467.0,1467.0,1467.0,0.0,0.0,4200.0
2022-12-18,1471.0,1471.0,1471.0,0.0,0.0,4300.0
2022-12-19,1351.0,1351.0,1351.0,0.0,0.0,3900.0
2022-12-20,1373.0,1373.0,1373.0,0.0,0.0,4000.0
2022-12-21,1143.0,1143.0,1143.0,0.0,0.0,3500.0
2022-12-22,1236.0,1236.0,1236.0,0.0,0.0,3600.0
2022-12-23,1208.0,1208.0,1208.0,0.0,0.0,3400.0
2022-12-24,1311.0,1311.0,1311.0,0.0,0.0,3800.0
2022-12-25,1385.0,1385.0,1385.0,0.0,0.0,3800.0
2022-12-26,1355.0,1355.0,1355.0,0.0,0.0,3900.0
2022-12-27,1280.0,1280.0,1280.0,0.0,0.0,3700.0
2022-12-28,1166.0,1166.0,1166.0,0.0,0.0,3600.0
2022-12-29,1444.0,1444.0,1444.0,0.0,0.0,4100.0
2022-12-30,1363.0,1363.0,1363.0,0.0,0.0,3900.0
2022-12-31,1523.0,1523.0,1523.0,0.0,0.0,4300.0
2023-01-01,1561.0,1561.0,1561.0,0.0,0.0,4400.0
2023-01-02,1514.0,1514.0,1514.0,0.0,0.0,4400.0
2023-01-03,1674.0,1674.0,1674.0,0.0,0.0,4700.0
2023-01-04,1581.0,1581.0,1581.0,0.0,0.0,4500.0
2023-01-05,1466.0,1466.0,1466.0,0.0,0.0,4100.0
2023-01-06,1488.0,1488.0,1488.0,0.0,0.0,4100.0
2023-01-07,1724.0,1724.0,1724.0,0.0,0.0,4600.0
2023-01-08,1690.0,1690.0,1690.0,0.0,0.0,4700.0
2023-01-09,1332.0,1332.0,1332.0,0.0,0.0,4100.0
2023-01-10,1343.0,1343.0,1343.0,0.0,0.0,4200.0
2023-01-11,1681.0,1681.0,1681.0,0.0,0.0,4700.0
2023-01-12,1741.0,1741.0,1741.0,0.0,0.0,5000.0
2023-01-13,1761.0,1761.0,1761.0,0.0,0.0,5000.0
2023-01-14,1601.0,1601.0,1601.0,0.0,0.0,4600.0
2023-01-15,1837.0,1837.0,1837.0,0.0,0.0,5100.0
2023-01-16,1693.0,1693.0,1693.0,0.0,0.0,4700.0
2023-01-17,1689.0,1689.0,1689.0,0.0,0.0,4600.0
2023-01-18,1462.0,1462.0,1462.0,0.0,0.0,4200.0
2023-01-19,1747.0,1747.0,1747.0,0.0,0.0,4700.0
2023-01-20,1646.0,1646.0,1646.0,0.0,0.0,4700.0
2023-01-21,1729.0,1729.0,1729.0,0.0,0.0,4700.0
2023-01-22,1578.0,1578.0,1578.0,0.0,0.0,4400.0
2023-01-23,1399.0,1399.0,1399.0,0.0,0.0,4400.0
2023-01-24,1887.0,1887.0,1887.0,0.0,0.0,5100.0
2023-01-25,1691.0,1691.0,1691.0,0.0,0.0,4800.0
2023-01-26,1633.0,1633.0,1633.0,0.0,0.0,4600.0
2023-01-27,1856.0,1856.0,1856.0,0.0,0.0,5000.0
2023-01-28,2022.0,2022.0,2022.0,0.0,0.0,5400.0
2023-01-29,1974.0,1974.0,1974.0,0.0,0.0,5200.0
2023-01-30,1865.0,1865.0,1865.0,0.0,0.0,5000.0
2023-01-31,1979.0,1979.0,1979.0,0.0,0.0,5000.0
2023-02-01,1990.0,1990.0,1990.0,0.0,0.0,4900.0
2023-02-02,1751.0,1751.0,1751.0,0.0,0.0,4800.0
2023-02-03,1581.0,1581.0,1581.0,0.0,0.0,4500.0
2023-02-04,1698.0,1698.0,1698.0,0.0,0.0,4800.0
2023-02-05,1733.0,1733.0,1733.0,0.0,0.0,4800.0
2023-02-06,1545.0,1545.0,1545.0,0.0,0.0,4300.0
2023-02-07,1759.0,1759.0,1759.0,0.0,0.0,4500.0
2023-02-08,1592.0,1592.0,1592.0,0.0,0.0,4500.0
2023-02-09,1495.0,1495.0,1495.0,0.0,0.0,4200.0
2023-02-10,1414.0,1414.0,1414.0,0.0,0.0,4100.0
2023-02-11,1668.0,1668.0,1668.0,0.0,0.0,4600.0
2023-02-12,1714.0,1714.0,1714.0,0.0,0.0,4500.0
2023-02-13,1594.0,1594.0,1594.0,0.0,0.0,4400.0
2023-02-14,1709.0,1709.0,1709.0,0.0,0.0,4700.0
2023-02-15,1885.0,1885.0,1885.0,0.0,0.0,5100.0
2023-02-16,1684.0,1684.0,1684.0,0.0,0.0,4800.0
2023-02-17,1725.0,1725.0,1725.0,0.0,0.0,4600.0
2023-02-18,2070.0,2070.0,2070.0,0.0,0.0,5400.0
2023-02-19,2005.0,2005.0,2005.0,0.0,0.0,5300.0
2023-02-20,1946.0,1946.0,1946.0,0.0,0.0,5200.0
2023-02-21,1929.0,1929.0,1929.0,0.0,0.0,5200.0
2023-02-22,1895.0,1895.0,1895.0,0.0,0.0,5000.0
2023-02-23,1995.0,1995.0,1995.0,0.0,0.0,5300.0
2023-02-24,1965.0,1965.0,1965.0,0.0,0.0,5300.0
2023-02-25,1978.0,1978.0,1978.0,0.0,0.0,5200.0
2023-02-26,1882.0,1882.0,1882.0,0.0,0.0,4900.0
2023-02-27,2012.0,2012.0,2012.0,0.0,0.0,5200.0
2023-02-28,1940.0,1940.0,1940.0,0.0,0.0,5200.0
2023-03-01,1814.0,1814.0,1814.0,0.0,0.0,4900.0
2023-03-02,1854.0,1854.0,1854.0,0.0,0.0,5000.0
2023-03-03,1699.0,1699.0,1699.0,0.0,0.0,4700.0
2023-03-04,1643.0,1643.0,1643.0,0.0,0.0,4500.0
2023-03-05,1783.0,1783.0,1783.0,0.0,0.0,4700.0
2023-03-06,1806.0,1806.0,1806.0,0.0,0.0,4800.0
2023-03-07,1848.0,1848.0,1848.0,0.0,0.0,5000.0
2023-03-08,1521.0,1521.0,1521.0,0.0,0.0,4200.0
2023-03-09,1519.0,1519.0,1519.0,0.0,0.0,4300.0
2023-03-10,1663.0,1663.0,1663.0,0.0,0.0,4500.0
2023-03-11,1730.0,1730.0,1730.0,0.0,0.0,4700.0
2023-03-12,1706.0,1706.0,1706.0,0.0,0.0,4700.0
2023-03-13,1842.0,1842.0,1842.0,0.0,0.0,4900.0
2023-03-14,1842.0,1842.0,1842.0,0.0,0.0,5000.0
2023-03-15,1731.0,1731.0,1731.0,0.0,0.0,4800.0
2023-03-16,1719.0,1719.0,1719.0,0.0,0.0,4700.0
2023-03-17,1807.0,1807.0,1807.0,0.0,0.0,4900.0
2023-03-18,1700.0,1700.0,1700.0,0.0,0.0,4600.0
2023-03-19,1744.0,1744.0,1744.0,0.0,0.0,4800.0
2023-03-20,1748.0,1748.0,1748.0,0.0,0.0,4800.0
2023-03-21,1687.0,1687.0,1687.0,0.0,0.0,4700.0
2023-03-22,1758.0,1758.0,1758.0,0.0,0.0,4800.0
2023-03-23,1709.0,1709.0,1709.0,0.0,0.0,4800.0
2023-03-24,1484.0,1484.0,1484.0,0.0,0.0,4300.0
2023-03-25,1646.0,1646.0,1646.0,0.0,0.0,4600.0
2023-03-26,1525.0,1525.0,1525.0,0.0,0.0,4400.0
2023-03-27,1694.0,1694.0,1694.0,0.0,0.0,4700.0
2023-03-28,1728.0,1728.0,1728.0,0.0,0.0,4800.0
2023-03-29,1754.0,1754.0,1754.0,0.0,0.0,4900.0
2023-03-30,1931.0,1931.0,1931.0,0.0,0.0,5100.0
2023-03-31,1909.0,1909.0,1909.0,0.0,0.0,5100.0
2023-04-01,2001.0,2001.0,2001.0,0.0,0.0,5400.0
2023-04-02,1972.0,1972.0,1972.0,0.0,0.0,5400.0
2023-04-03,1820.0,1820.0,1820.0,0.0,0.0,5000.0
2023-04-04,1782.0,1782.0,1782.0,0.0,0.0,4900.0
2023-04-05,1612.0,1612.0,1612.0,0.0,0.0,4600.0
2023-04-06,1615.0,1615.0,1615.0,0.0,0.0,4400.0
2023-04-07,1724.0,1724.0,1724.0,0.0,0.0,4800.0
2023-04-08,1780.0,1780.0,1780.0,0.0,0.0,4900.0
2023-04-09,1840.0,1840.0,1840.0,0.0,0.0,5000.0
2023-04-10,1704.0,1704.0,1704.0,0.0,0.0,4700.0
2023-04-11,1709.0,1709.0,1709.0,0.0,0.0,4800.0
2023-04-12,1614.0,1614.0,1614.0,0.0,0.0,4500.0
2023-04-13,1567.0,1567.0,1567.0,0.0,0.0,4400.0
2023-04-14,1635.0,1635.0,1635.0,0.0,0.0,4700.0
2023-04-15,1595.0,1595.0,1595.0,0.0,0.0,4700.0
2023-04-16,1724.0,1724.0,1724.0,0.0,0.0,4900.0
2023-04-17,1612.0,1612.0,1612.0,0.0,0.0,4600.0
2023-04-18,1685.0,1685.0,1685.0,0.0,0.0,4800.0
2023-04-19,1679.0,1679.0,1679.0,0.0,0.0,4800.0
2023-04-20,1854.0,1854.0,1854.0,0.0,0.0,5000.0
2023-04-21,1795.0,1795.0,1795.0,0.0,0.0,5000.0
2023-04-22,1827.0,1827.0,1827.0,0.0,0.0,5100.0
2023-04-23,1822.0,1822.0,1822.0,0.0,0.0,5000.0
2023-04-24,1724.0,1724.0,1724.0,0.0,0.0,4800.0
2023-04-25,1753.0,1753.0,1753.0,0.0,0.0,4900.0
2023-04-26,1685.0,1685.0,1685.0,0.0,0.0,4700.0
2023-04-27,1825.0,1825.0,1825.0,0.0,0.0,4900.0
2023-04-28,1944.0,1944.0,1944.0,0.0,0.0,5300.0
2023-04-29,2032.0,2032.0,2032.0,0.0,0.0,5400.0
2023-04-30,1870.0,1870.0,1870.0,0.0,0.0,5100.0
2023-05-01,1664.0,1664.0,1664.0,0.0,0.0,4700.0
2023-05-02,1713.0,1713.0,1713.0,0.0,0.0,4800.0
2023-05-03,1890.0,1890.0,1890.0,0.0,0.0,5100.0
2023-05-04,1880.0,1880.0,1880.0,0.0,0.0,5100.0
2023-05-05,1802.0,1802.0,1802.0,0.0,0.0,4900.0
2023-05-06,1864.0,1864.0,1864.0,0.0,0.0,5000.0
2023-05-07,1848.0,1848.0,1848.0,0.0,0.0,4900.0
2023-05-08,1890.0,1890.0,1890.0,0.0,0.0,5000.0
2023-05-09,1878.0,1878.0,1878.0,0.0,0.0,5000.0
2023-05-10,1548.0,1548.0,1548.0,0.0,0.0,4400.0
2023-05-11,1354.0,1354.0,1354.0,0.0,0.0,4100.0
2023-05-12,1488.0,1488.0,1488.0,0.0,0.0,4300.0
2023-05-13,1538.0,1538.0,1538.0,0.0,0.0,4400.0
2023-05-14,1566.0,1566.0,1566.0,0.0,0.0,4500.0
2023-05-15,1508.0,1508.0,1508.0,0.0,0.0,4300.0
2023-05-16,1648.0,1648.0,1648.0,0.0,0.0,4600.0
2023-05-17,1590.0,1590.0,1590.0,0.0,0.0,4400.0
2023-05-18,1648.0,1648.0,1648.0,0.0,0.0,4700.0
2023-05-19,1941.0,1941.0,1941.0,0.0,0.0,5200.0
2023-05-20,1821.0,1821.0,1821.0,0.0,0.0,4900.0
2023-05-21,1748.0,1748.0,1748.0,0.0,0.0,4600.0
2023-05-22,1787.0,1787.0,1787.0,0.0,0.0,4700.0
2023-05-23,1601.0,1601.0,1601.0,0.0,0.0,4600.0
2023-05-24,1646.0,1646.0,1646.0,0.0,0.0,4500.0
2023-05-25,1842.0,1842.0,1842.0,0.0,0.0,5000.0
2023-05-26,1870.0,1870.0,1870.0,0.0,0.0,5000.0
2023-05-27,1844.0,1844.0,1844.0,0.0,0.0,5000.0
2023-05-28,1868.0,1868.0,1868.0,0.0,0.0,5000.0
2023-05-29,1830.0,1830.0,1830.0,0.0,0.0,4900.0
2023-05-30,1830.0,1830.0,1830.0,0.0,0.0,4900.0
2023-05-31,1646.0,1646.0,1646.0,0.0,0.0,4600.0
2023-06-01,1589.0,1589.0,1589.0,0.0,0.0,4400.0
2023-06-02,1813.0,1813.0,1813.0,0.0,0.0,5000.0
2023-06-03,1862.0,1862.0,1862.0,0.0,0.0,5000.0
2023-06-04,1964.0,1964.0,1964.0,0.0,0.0,5200.0
2023-06-05,1984.0,1984.0,1984.0,0.0,0.0,5200.0
2023-06-06,1857.0,1857.0,1857.0,0.0,0.0,4900.0
2023-06-07,1989.0,1989.0,1989.0,0.0,0.0,5000.0
2023-06-08,1967.0,1967.0,1967.0,0.0,0.0,5100.0
2023-06-09,2122.0,2122.0,2122.0,0.0,0.0,5400.0
2023-06-10,2023.0,2023.0,2023.0,0.0,0.0,5200.0
2023-06-11,2039.0,2039.0,2039.0,0.0,0.0,5200.0
2023-06-12,1978.0,1978.0,1978.0,0.0,0.0,5000.0
2023-06-13,1881.0,1881.0,1881.0,0.0,0.0,5000.0
2023-06-14,1768.0,1768.0,1768.0,0.0,0.0,4800.0
2023-06-15,1864.0,1864.0,1864.0,0.0,0.0,5000.0
2023-06-16,1921.0,1921.0,1921.0,0.0,0.0,5100.0
2023-06-17,2042.0,2042.0,2042.0,0.0,0.0,5400.0
2023-06-18,2015.0,2015.0,2015.0,0.0,0.0,5200.0
2023-06-19,2100.0,2100.0,2100.0,0.0,0.0,5400.0
2023-06-20,1850.0,1850.0,1850.0,0.0,0.0,4900.0
2023-06-21,1956.0,1956.0,1956.0,0.0,0.0,5100.0
2023-06-22,2063.0,2063.0,2063.0,0.0,0.0,5300.0
2023-06-23,1997.0,1997.0,1997.0,0.0,0.0,5200.0
2023-06-24,1987.0,1987.0,1987.0,0.0,0.0,5000.0
2023-06-25,2006.0,2006.0,2006.0,0.0,0.0,5100.0
2023-06-26,2042.0,2042.0,2042.0,0.0,0.0,5100.0
2023-06-27,1870.0,1870.0,1870.0,0.0,0.0,4700.0
2023-06-28,1859.0,1859.0,1859.0,0.0,0.0,4600.0
2023-06-29,1947.0,1947.0,1947.0,0.0,0.0,4900.0
2023-06-30,1754.0,1754.0,1754.0,0.0,0.0,4600.0
2023-07-01,1812.0,1812.0,1812.0,0.0,0.0,4700.0
2023-07-02,1849.0,1849.0,1849.0,0.0,0.0,4900.0
2023-07-03,1899.0,1899.0,1899.0,0.0,0.0,4900.0
2023-07-04,1861.0,1861.0,1861.0,0.0,0.0,4900.0
2023-07-05,1987.0,1987.0,1987.0,0.0,0.0,5100.0
2023-07-06,2033.0,2033.0,2033.0,0.0,0.0,5100.0
2023-07-07,2064.0,2064.0,2064.0,0.0,0.0,5300.0
2023-07-08,1997.0,1997.0,1997.0,0.0,0.0,5200.0
2023-07-09,2073.0,2073.0,2073.0,0.0,0.0,5300.0
2023-07-10,1964.0,1964.0,1964.0,0.0,0.0,5000.0
2023-07-11,2102.0,2102.0,2102.0,0.0,0.0,5300.0
2023-07-12,2034.0,2034.0,2034.0,0.0,0.0,5100.0
2023-07-13,2077.0,2077.0,2077.0,0.0,0.0,5200.0
2023-07-14,2071.0,2071.0,2071.0,0.0,0.0,5100.0
2023-07-15,1946.0,1946.0,1946.0,0.0,0.0,4900.0
2023-07-16,1819.0,1819.0,1819.0,0.0,0.0,4700.0
2023-07-17,2140.0,2140.0,2140.0,0.0,0.0,5200.0
2023-07-18,2076.0,2076.0,2076.0,0.0,0.0,5200.0
2023-07-19,1566.0,1566.0,1566.0,0.0,0.0,4300.0
2023-07-20,1510.0,1510.0,1510.0,0.0,0.0,4000.0
2023-07-21,1426.0,1426.0,1426.0,0.0,0.0,3700.0
2023-07-22,1437.0,1437.0,1437.0,0.0,0.0,3600.0
2023-07-23,1488.0,1488.0,1488.0,0.0,0.0,3700.0
2023-07-24,1530.0,1530.0,1530.0,0.0,0.0,3800.0
2023-07-25,1188.0,1188.0,1188.0,0.0,0.0,3200.0
2023-07-26,1313.0,1313.0,1313.0,0.0,0.0,3400.0
2023-07-27,1413.0,1413.0,1413.0,0.0,0.0,3600.0
2023-07-28,1274.0,1274.0,1274.0,0.0,0.0,3400.0
2023-07-29,1255.0,1255.0,1255.0,0.0,0.0,3300.0
2023-07-30,1366.0,1366.0,1366.0,0.0,0.0,3500.0
2023-07-31,1362.0,1362.0,1362.0,0.0,0.0,3600.0
2023-08-01,1434.0,1434.0,1434.0,0.0,0.0,3700.0
2023-08-02,1378.0,1378.0,1378.0,0.0,0.0,3500.0
2023-08-03,1310.0,1310.0,1310.0,0.0,0.0,3300.0
2023-08-04,1290.0,1290.0,1290.0,0.0,0.0,3300.0
2023-08-05,1260.0,1260.0,1260.0,0.0,0.0,3300.0
2023-08-06,1345.0,1345.0,1345.0,0.0,0.0,3500.0
2023-08-07,1305.0,1305.0,1305.0,0.0,0.0,3400.0
2023-08-08,1122.0,1122.0,1122.0,0.0,0.0,2900.0
2023-08-09,1389.0,1389.0,1389.0,0.0,0.0,3600.0
2023-08-10,1334.0,1334.0,1334.0,0.0,0.0,3500.0
2023-08-11,1398.0,1398.0,1398.0,0.0,0.0,3500.0
2023-08-12,1462.0,1462.0,1462.0,0.0,0.0,3700.0
2023-08-13,1492.0,1492.0,1492.0,0.0,0.0,3700.0
2023-08-14,1515.0,1515.0,1515.0,0.0,0.0,4000.0
2023-08-15,1592.0,1592.0,1592.0,0.0,0.0,4200.0
2023-08-16,1686.0,1686.0,1686.0,0.0,0.0,4400.0
2023-08-17,1721.0,1721.0,1721.0,0.0,0.0,4500.0
2023-08-18,1597.0,1597.0,1597.0,0.0,0.0,4300.0
2023-08-19,1643.0,1643.0,1643.0,0.0,0.0,4400.0
2023-08-20,1539.0,1539.0,1539.0,0.0,0.0,4200.0
2023-08-21,1685.0,1685.0,1685.0,0.0,0.0,4300.0
2023-08-22,1681.0,1681.0,1681.0,0.0,0.0,4400.0
2023-08-23,1585.0,1585.0,1585.0,0.0,0.0,4200.0
2023-08-24,1671.0,1671.0,1671.0,0.0,0.0,4300.0
2023-08-25,1616.0,1616.0,1616.0,0.0,0.0,4300.0
2023-08-26,1681.0,1681.0,1681.0,0.0,0.0,4400.0
2023-08-27,1603.0,1603.0,1603.0,0.0,0.0,4300.0
2023-08-28,1537.0,1537.0,1537.0,0.0,0.0,4100.0
2023-08-29,1571.0,1571.0,1571.0,0.0,0.0,4100.0
2023-08-30,1554.0,1554.0,1554.0,0.0,0.0,4100.0
2023-08-31,1476.0,1476.0,1476.0,0.0,0.0,4000.0
2023-09-01,1475.0,1475.0,1475.0,0.0,0.0,4000.0
2023-09-02,1532.0,1532.0,1532.0,0.0,0.0,4100.0
2023-09-03,1438.0,1438.0,1438.0,0.0,0.0,3900.0
2023-09-04,1389.0,1389.0,1389.0,0.0,0.0,3800.0
2023-09-05,1366.0,1366.0,1366.0,0.0,0.0,3800.0
2023-09-06,1456.0,1456.0,1456.0,0.0,0.0,4000.0
2023-09-07,1416.0,1416.0,1416.0,0.0,0.0,3900.0
2023-09-08,1327.0,1327.0,1327.0,0.0,0.0,3800.0
2023-09-09,1377.0,1377.0,1377.0,0.0,0.0,3900.0
2023-09-10,1377.0,1377.0,1377.0,0.0,0.0,3900.0
2023-09-11,1377.0,1377.0,1377.0,0.0,0.0,3900.0
2023-09-12,1289.0,1289.0,1289.0,0.0,0.0,3800.0
2023-09-13,1396.0,1396.0,1396.0,0.0,0.0,4000.0
2023-09-14,1545.0,1545.0,1545.0,0.0,0.0,4400.0
2023-09-15,1549.0,1549.0,1549.0,0.0,0.0,4300.0
2023-09-16,1475.0,1475.0,1475.0,0.0,0.0,4100.0
2023-09-17,1527.0,1527.0,1527.0,0.0,0.0,4200.0
2023-09-18,1447.0,1447.0,1447.0,0.0,0.0,4000.0
2023-09-19,1409.0,1409.0,1409.0,0.0,0.0,3900.0
2023-09-20,1426.0,1426.0,1426.0,0.0,0.0,4000.0
2023-09-21,1503.0,1503.0,1503.0,0.0,0.0,4100.0
2023-09-22,1578.0,1578.0,1578.0,0.0,0.0,4300.0
2023-09-23,1550.0,1550.0,1550.0,0.0,0.0,4200.0
2023-09-24,1466.0,1466.0,1466.0,0.0,0.0,4100.0
2023-09-25,1510.0,1510.0,1510.0,0.0,0.0,4200.0
2023-09-26,1809.0,1809.0,1809.0,0.0,0.0,4700.0
2023-09-27,1724.0,1724.0,1724.0,0.0,0.0,4500.0
2023-09-28,1815.0,1815.0,1815.0,0.0,0.0,4600.0
2023-09-29,1798.0,1798.0,1798.0,0.0,0.0,4500.0
2023-09-30,1792.0,1792.0,1792.0,0.0,0.0,4600.0
2023-10-01,1779.0,1779.0,1779.0,0.0,0.0,4500.0
2023-10-02,1650.0,1650.0,1650.0,0.0,0.0,4300.0
2023-10-03,1699.0,1699.0,1699.0,0.0,0.0,4400.0
2023-10-04,1828.0,1828.0,1828.0,0.0,0.0,4700.0
2023-10-05,1912.0,1912.0,1912.0,0.0,0.0,4800.0
2023-10-06,1906.0,1906.0,1906.0,0.0,0.0,4700.0
2023-10-07,1996.0,1996.0,1996.0,0.0,0.0,5000.0
2023-10-08,1996.0,1996.0,1996.0,0.0,0.0,5000.0
2023-10-09,1983.0,1983.0,1983.0,0.0,0.0,4800.0
2023-10-10,2012.0,2012.0,2012.0,0.0,0.0,5100.0
2023-10-11,1908.0,1908.0,1908.0,0.0,0.0,5100.0
2023-10-12,2038.0,2038.0,2038.0,0.0,0.0,5400.0
2023-10-13,2162.0,2162.0,2162.0,0.0,0.0,5700.0
2023-10-14,2076.0,2076.0,2076.0,0.0,0.0,5400.0
2023-10-15,2017.0,2017.0,2017.0,0.0,0.0,5300.0
2023-10-16,2036.0,2036.0,2036.0,0.0,0.0,5500.0
2023-10-17,1962.0,1962.0,1962.0,0.0,0.0,5400.0
2023-10-18,1898.0,1898.0,1898.0,0.0,0.0,5200.0
2023-10-19,2023.0,2023.0,2023.0,0.0,0.0,5300.0
2023-10-20,1906.0,1906.0,1906.0,0.0,0.0,5000.0
2023-10-21,2077.0,2077.0,2077.0,0.0,0.0,5300.0
2023-10-22,2027.0,2027.0,2027.0,0.0,0.0,5300.0
2023-10-23,2103.0,2103.0,2103.0,0.0,0.0,5400.0
2023-10-24,2003.0,2003.0,2003.0,0.0,0.0,5300.0
2023-10-25,2126.0,2126.0,2126.0,0.0,0.0,5500.0
2023-10-26,2186.0,2186.0,2186.0,0.0,0.0,5600.0
2023-10-27,2239.0,2239.0,2239.0,0.0,0.0,5700.0
2023-10-28,2223.0,2223.0,2223.0,0.0,0.0,5700.0
2023-10-29,2291.0,2291.0,2291.0,0.0,0.0,5800.0
2023-10-30,2215.0,2215.0,2215.0,0.0,0.0,5700.0
2023-10-31,1868.0,1868.0,1868.0,0.0,0.0,5200.0
2023-11-01,1929.0,1929.0,1929.0,0.0,0.0,5200.0
2023-11-02,2058.0,2058.0,2058.0,0.0,0.0,5300.0
2023-11-03,2083.0,2083.0,2083.0,0.0,0.0,5400.0
2023-11-04,2118.0,2118.0,2118.0,0.0,0.0,5500.0
2023-11-05,2267.0,2267.0,2267.0,0.0,0.0,5700.0
2023-11-06,2009.0,2009.0,2009.0,0.0,0.0,5100.0
2023-11-07,1971.0,1971.0,1971.0,0.0,0.0,5100.0
2023-11-08,1838.0,1838.0,1838.0,0.0,0.0,5000.0
2023-11-09,1877.0,1877.0,1877.0,0.0,0.0,4900.0
2023-11-10,1877.0,1877.0,1877.0,0.0,0.0,4900.0
2023-11-11,1801.0,1801.0,1801.0,0.0,0.0,4800.0
2023-11-12,1838.0,1838.0,1838.0,0.0,0.0,4800.0
2023-11-13,1721.0,1721.0,1721.0,0.0,0.0,4600.0
2023-11-14,1738.0,1738.0,1738.0,0.0,0.0,4600.0
2023-11-15,1621.0,1621.0,1621.0,0.0,0.0,4500.0
2023-11-16,1702.0,1702.0,1702.0,0.0,0.0,4700.0
2023-11-17,1862.0,1862.0,1862.0,0.0,0.0,5000.0
2023-11-18,1862.0,1862.0,1862.0,0.0,0.0,5000.0
2023-11-19,1792.0,1792.0,1792.0,0.0,0.0,4900.0
2023-11-20,1853.0,1853.0,1853.0,0.0,0.0,5000.0
2023-11-21,1958.0,1958.0,1958.0,0.0,0.0,5200.0
2023-11-22,2144.0,2144.0,2144.0,0.0,0.0,5700.0
2023-11-23,1956.0,1956.0,1956.0,0.0,0.0,5300.0
2023-11-24,2055.0,2055.0,2055.0,0.0,0.0,5400.0
2023-11-25,1966.0,1966.0,1966.0,0.0,0.0,5200.0
2023-11-26,1984.0,1984.0,1984.0,0.0,0.0,5200.0
2023-11-27,2117.0,2117.0,2117.0,0.0,0.0,5500.0
2023-11-28,1944.0,1944.0,1944.0,0.0,0.0,5300.0
2023-11-29,2063.0,2063.0,2063.0,0.0,0.0,5500.0
2023-11-30,2095.0,2095.0,2095.0,0.0,0.0,5300.0
2023-12-01,2097.0,2097.0,2097.0,0.0,0.0,5100.0
2023-12-02,2042.0,2042.0,2042.0,0.0,0.0,5100.0
2023-12-03,1918.0,1918.0,1918.0,0.0,0.0,5000.0
2023-12-04,1977.0,1977.0,1977.0,0.0,0.0,5000.0
2023-12-05,2029.0,2029.0,2029.0,0.0,0.0,5200.0
2023-12-06,1990.0,1990.0,1990.0,0.0,0.0,5100.0
2023-12-07,2052.0,2052.0,2052.0,0.0,0.0,5100.0
2023-12-08,1984.0,1984.0,1984.0,0.0,0.0,4900.0
2023-12-09,2011.0,2011.0,2011.0,0.0,0.0,4800.0
2023-12-10,1967.0,1967.0,1967.0,0.0,0.0,4800.0
2023-12-11,2042.0,2042.0,2042.0,0.0,0.0,5000.0
2023-12-12,1949.0,1949.0,1949.0,0.0,0.0,5000.0
2023-12-13,1978.0,1978.0,1978.0,0.0,0.0,4800.0
2023-12-14,1845.0,1845.0,1845.0,0.0,0.0,4700.0
2023-12-15,1702.0,1702.0,1702.0,0.0,0.0,4600.0
2023-12-16,1680.0,1680.0,1680.0,0.0,0.0,4600.0
2023-12-17,1602.0,1602.0,1602.0,0.0,0.0,4500.0
2023-12-18,1832.0,1832.0,1832.0,0.0,0.0,4900.0
2023-12-19,1735.0,1735.0,1735.0,0.0,0.0,4600.0
2023-12-20,1820.0,1820.0,1820.0,0.0,0.0,4900.0
2023-12-21,1774.0,1774.0,1774.0,0.0,0.0,4800.0
2023-12-22,1806.0,1806.0,1806.0,0.0,0.0,4700.0
2023-12-23,1844.0,1844.0,1844.0,0.0,0.0,4800.0
2023-12-24,1790.0,1790.0,1790.0,0.0,0.0,4700.0
2023-12-25,1838.0,1838.0,1838.0,0.0,0.0,4900.0
2023-12-26,1758.0,1758.0,1758.0,0.0,0.0,4700.0
2023-12-27,1955.0,1955.0,1955.0,0.0,0.0,5100.0
2023-12-28,1918.0,1918.0,1918.0,0.0,0.0,4900.0
2023-12-29,1990.0,1990.0,1990.0,0.0,0.0,5100.0
2023-12-30,1818.0,1818.0,1818.0,0.0,0.0,4800.0
2023-12-31,1839.0,1839.0,1839.0,0.0,0.0,4800.0
2024-01-01,1792.0,1792.0,1792.0,0.0,0.0,4800.0
2024-01-02,1811.0,1811.0,1811.0,0.0,0.0,4700.0
2024-01-03,1758.0,1758.0,1758.0,0.0,0.0,4500.0
2024-01-04,1875.0,1875.0,1875.0,0.0,0.0,4900.0
2024-01-05,2045.0,2045.0,2045.0,0.0,0.0,5200.0
2024-01-06,2019.0,2019.0,2019.0,0.0,0.0,5200.0
2024-01-07,2077.0,2077.0,2077.0,0.0,0.0,5400.0
2024-01-08,1926.0,1926.0,1926.0,0.0,0.0,5100.0
2024-01-09,1850.0,1850.0,1850.0,0.0,0.0,5000.0
2024-01-10,1814.0,1814.0,1814.0,0.0,0.0,4800.0
2024-01-11,1938.0,1938.0,1938.0,0.0,0.0,5200.0
2024-01-12,1858.0,1858.0,1858.0,0.0,0.0,5000.0
2024-01-13,2060.0,2060.0,2060.0,0.0,0.0,5400.0
2024-01-14,2060.0,2060.0,2060.0,0.0,0.0,5400.0
2024-01-15,2187.0,2187.0,2187.0,0.0,0.0,5600.0
2024-01-16,1890.0,1890.0,1890.0,0.0,0.0,5100.0
2024-01-17,1816.0,1816.0,1816.0,0.0,0.0,4900.0
2024-01-18,1846.0,1846.0,1846.0,0.0,0.0,4800.0
2024-01-19,1844.0,1844.0,1844.0,0.0,0.0,5000.0
2024-01-20,2122.0,2122.0,2122.0,0.0,0.0,5300.0
2024-01-21,1963.0,1963.0,1963.0,0.0,0.0,5300.0
2024-01-22,2078.0,2078.0,2078.0,0.0,0.0,5400.0
2024-01-23,2028.0,2028.0,2028.0,0.0,0.0,5400.0
2024-01-24,2141.0,2141.0,2141.0,0.0,0.0,5700.0
2024-01-25,2199.0,2199.0,2199.0,0.0,0.0,5700.0
2024-01-26,2137.0,2137.0,2137.0,0.0,0.0,5400.0
2024-01-27,2205.0,2205.0,2205.0,0.0,0.0,5600.0
2024-01-28,2205.0,2205.0,2205.0,0.0,0.0,5600.0
2024-01-29,2226.0,2226.0,2226.0,0.0,0.0,5600.0
2024-01-30,2197.0,2197.0,2197.0,0.0,0.0,5500.0
2024-01-31,2226.0,2226.0,2226.0,0.0,0.0,5500.0
2024-02-01,2261.0,2261.0,2261.0,0.0,0.0,5500.0
2024-02-02,2025.0,2025.0,2025.0,0.0,0.0,5000.0
2024-02-03,2036.0,2036.0,2036.0,0.0,0.0,4900.0
2024-02-04,2340.0,2340.0,2340.0,0.0,0.0,5500.0
2024-02-05,2046.0,2046.0,2046.0,0.0,0.0,5300.0
2024-02-06,2239.0,2239.0,2239.0,0.0,0.0,5300.0
2024-02-07,2307.0,2307.0,2307.0,0.0,0.0,5600.0
2024-02-08,2276.0,2276.0,2276.0,0.0,0.0,5400.0
2024-02-09,2217.0,2217.0,2217.0,0.0,0.0,5500.0
2024-02-10,2353.0,2353.0,2353.0,0.0,0.0,5600.0
2024-02-11,2377.0,2377.0,2377.0,0.0,0.0,5400.0
2024-02-12,2307.0,2307.0,2307.0,0.0,0.0,5300.0
2024-02-13,2250.0,2250.0,2250.0,0.0,0.0,5300.0
2024-02-14,2165.0,2165.0,2165.0,0.0,0.0,5200.0
2024-02-15,2270.0,2270.0,2270.0,0.0,0.0,5600.0
2024-02-16,2117.0,2117.0,2117.0,0.0,0.0,5400.0
2024-02-17,2121.0,2121.0,2121.0,0.0,0.0,5300.0
2024-02-18,2081.0,2081.0,2081.0,0.0,0.0,5300.0
2024-02-19,1978.0,1978.0,1978.0,0.0,0.0,5200.0
2024-02-20,2210.0,2210.0,2210.0,0.0,0.0,5600.0
2024-02-21,2218.0,2218.0,2218.0,0.0,0.0,5500.0
2024-02-22,2050.0,2050.0,2050.0,0.0,0.0,5400.0
2024-02-23,2224.0,2224.0,2224.0,0.0,0.0,5700.0
2024-02-24,2252.0,2252.0,2252.0,0.0,0.0,5700.0
2024-02-25,2222.0,2222.0,2222.0,0.0,0.0,5600.0
2024-02-26,2190.0,2190.0,2190.0,0.0,0.0,5600.0
2024-02-27,2207.0,2207.0,2207.0,0.0,0.0,5600.0
2024-02-28,2139.0,2139.0,2139.0,0.0,0.0,5500.0
2024-02-29,2240.0,2240.0,2240.0,0.0,0.0,5600.0
2024-03-01,2003.0,2003.0,2003.0,0.0,0.0,5100.0
2024-03-02,2118.0,2118.0,2118.0,0.0,0.0,5300.0
2024-03-03,2143.0,2143.0,2143.0,0.0,0.0,5300.0
2024-03-04,2132.0,2132.0,2132.0,0.0,0.0,5200.0
2024-03-05,2085.0,2085.0,2085.0,0.0,0.0,5200.0
2024-03-06,2214.0,2214.0,2214.0,0.0,0.0,5600.0
2024-03-07,2096.0,2096.0,2096.0,0.0,0.0,5500.0
2024-03-08,2247.0,2247.0,2247.0,0.0,0.0,5900.0
2024-03-09,2200.0,2200.0,2200.0,0.0,0.0,5700.0
2024-03-10,2227.0,2227.0,2227.0,0.0,0.0,5700.0
2024-03-11,2110.0,2110.0,2110.0,0.0,0.0,5500.0
2024-03-12,2158.0,2158.0,2158.0,0.0,0.0,5600.0
2024-03-13,2027.0,2027.0,2027.0,0.0,0.0,5500.0
2024-03-14,2119.0,2119.0,2119.0,0.0,0.0,5600.0
2024-03-15,2116.0,2116.0,2116.0,0.0,0.0,5800.0
2024-03-16,2280.0,2280.0,2280.0,0.0,0.0,6000.0
2024-03-17,2169.0,2169.0,2169.0,0.0,0.0,5700.0
2024-03-18,2334.0,2334.0,2334.0,0.0,0.0,6000.0
2024-03-19,2325.0,2325.0,2325.0,0.0,0.0,6200.0
2024-03-20,2325.0,2325.0,2325.0,0.0,0.0,6300.0
2024-03-21,2405.0,2405.0,2405.0,0.0,0.0,6400.0
2024-03-22,2450.0,2450.0,2450.0,0.0,0.0,6500.0
2024-03-23,2456.0,2456.0,2456.0,0.0,0.0,6600.0
2024-03-24,2415.0,2415.0,2415.0,0.0,0.0,6400.0
2024-03-25,2368.0,2368.0,2368.0,0.0,0.0,6300.0
2024-03-26,2351.0,2351.0,2351.0,0.0,0.0,6400.0
2024-03-27,2431.0,2431.0,2431.0,0.0,0.0,6400.0
2024-03-28,2455.0,2455.0,2455.0,0.0,0.0,6500.0
2024-03-29,2480.0,2480.0,2480.0,0.0,0.0,6500.0
2024-03-30,2159.0,2159.0,2159.0,0.0,0.0,5900.0
2024-03-31,2279.0,2279.0,2279.0,0.0,0.0,6100.0
2024-04-01,2207.0,2207.0,2207.0,0.0,0.0,6000.0
2024-04-02,2458.0,2458.0,2458.0,0.0,0.0,6500.0
2024-04-03,2320.0,2320.0,2320.0,0.0,0.0,6300.0
2024-04-04,2433.0,2433.0,2433.0,0.0,0.0,6300.0
2024-04-05,2532.0,2532.0,2532.0,0.0,0.0,6400.0
2024-04-06,2562.0,2562.0,2562.0,0.0,0.0,6400.0
2024-04-07,2440.0,2440.0,2440.0,0.0,0.0,6200.0
2024-04-08,2450.0,2450.0,2450.0,0.0,0.0,6200.0
2024-04-09,2473.0,2473.0,2473.0,0.0,0.0,6400.0
2024-04-10,2294.0,2294.0,2294.0,0.0,0.0,6000.0
2024-04-11,2327.0,2327.0,2327.0,0.0,0.0,6100.0
2024-04-12,2126.0,2126.0,2126.0,0.0,0.0,5500.0
2024-04-13,2056.0,2056.0,2056.0,0.0,0.0,5400.0
2024-04-14,2101.0,2101.0,2101.0,0.0,0.0,5400.0
2024-04-15,2125.0,2125.0,2125.0,0.0,0.0,5400.0
2024-04-16,2215.0,2215.0,2215.0,0.0,0.0,5700.0
2024-04-17,2343.0,2343.0,2343.0,0.0,0.0,5900.0
2024-04-18,2454.0,2454.0,2454.0,0.0,0.0,6000.0
2024-04-19,2527.0,2527.0,2527.0,0.0,0.0,6300.0
2024-04-20,2527.0,2527.0,2527.0,0.0,0.0,6300.0
2024-04-21,2475.0,2475.0,2475.0,0.0,0.0,6200.0
2024-04-22,2371.0,2371.0,2371.0,0.0,0.0,6000.0
2024-04-23,2395.0,2395.0,2395.0,0.0,0.0,6200.0
2024-04-24,2154.0,2154.0,2154.0,0.0,0.0,5800.0
2024-04-25,2542.0,2542.0,2542.0,0.0,0.0,6400.0
2024-04-26,2464.0,2464.0,2464.0,0.0,0.0,6200.0
2024-04-27,2304.0,2304.0,2304.0,0.0,0.0,5900.0
2024-04-28,2385.0,2385.0,2385.0,0.0,0.0,6000.0
2024-04-29,2359.0,2359.0,2359.0,0.0,0.0,5900.0
2024-04-30,2311.0,2311.0,2311.0,0.0,0.0,5900.0
2024-05-01,2028.0,2028.0,2028.0,0.0,0.0,5200.0
2024-05-02,2158.0,2158.0,2158.0,0.0,0.0,5600.0
2024-05-03,2198.0,2198.0,2198.0,0.0,0.0,5700.0
2024-05-04,2180.0,2180.0,2180.0,0.0,0.0,5600.0
2024-05-05,2263.0,2263.0,2263.0,0.0,0.0,5800.0
2024-05-06,2196.0,2196.0,2196.0,0.0,0.0,5600.0
2024-05-07,2181.0,2181.0,2181.0,0.0,0.0,5600.0
2024-05-08,2066.0,2066.0,2066.0,0.0,0.0,5400.0
2024-05-09,2024.0,2024.0,2024.0,0.0,0.0,5300.0
2024-05-10,2344.0,2344.0,2344.0,0.0,0.0,5900.0
2024-05-11,2401.0,2401.0,2401.0,0.0,0.0,6000.0
2024-05-12,2383.0,2383.0,2383.0,0.0,0.0,6000.0
2024-05-13,2509.0,2509.0,2509.0,0.0,0.0,6200.0
2024-05-14,2457.0,2457.0,2457.0,0.0,0.0,6200.0
2024-05-15,2482.0,2482.0,2482.0,0.0,0.0,6200.0
2024-05-16,2475.0,2475.0,2475.0,0.0,0.0,6200.0
2024-05-17,2248.0,2248.0,2248.0,0.0,0.0,5700.0
2024-05-18,2316.0,2316.0,2316.0,0.0,0.0,5800.0
2024-05-19,2356.0,2356.0,2356.0,0.0,0.0,5900.0
2024-05-20,2313.0,2313.0,2313.0,0.0,0.0,5800.0
2024-05-21,2327.0,2327.0,2327.0,0.0,0.0,6000.0
2024-05-22,2224.0,2224.0,2224.0,0.0,0.0,5800.0
2024-05-23,2291.0,2291.0,2291.0,0.0,0.0,5900.0
2024-05-24,2173.0,2173.0,2173.0,0.0,0.0,5600.0
2024-05-25,2259.0,2259.0,2259.0,0.0,0.0,5900.0
2024-05-26,2189.0,2189.0,2189.0,0.0,0.0,5800.0
2024-05-27,2054.0,2054.0,2054.0,0.0,0.0,5500.0
2024-05-28,2011.0,2011.0,2011.0,0.0,0.0,5300.0
2024-05-29,2193.0,2193.0,2193.0,0.0,0.0,5600.0
2024-05-30,2273.0,2273.0,2273.0,0.0,0.0,5800.0
2024-05-31,2299.0,2299.0,2299.0,0.0,0.0,5900.0
2024-06-01,2275.0,2275.0,2275.0,0.0,0.0,5900.0
2024-06-02,2181.0,2181.0,2181.0,0.0,0.0,5800.0
2024-06-03,1918.0,1918.0,1918.0,0.0,0.0,5400.0
2024-06-04,2194.0,2194.0,2194.0,0.0,0.0,5600.0
2024-06-05,2252.0,2252.0,2252.0,0.0,0.0,5600.0
2024-06-06,2108.0,2108.0,2108.0,0.0,0.0,5500.0
2024-06-07,2194.0,2194.0,2194.0,0.0,0.0,5700.0
2024-06-08,2231.0,2231.0,2231.0,0.0,0.0,5700.0
2024-06-09,2283.0,2283.0,2283.0,0.0,0.0,5800.0
2024-06-10,2214.0,2214.0,2214.0,0.0,0.0,5700.0
2024-06-11,2293.0,2293.0,2293.0,0.0,0.0,5800.0
2024-06-12,2336.0,2336.0,2336.0,0.0,0.0,5800.0
2024-06-13,2127.0,2127.0,2127.0,0.0,0.0,5500.0
2024-06-14,2168.0,2168.0,2168.0,0.0,0.0,5300.0
2024-06-15,2177.0,2177.0,2177.0,0.0,0.0,5300.0
2024-06-16,2158.0,2158.0,2158.0,0.0,0.0,5300.0
2024-06-17,2087.0,2087.0,2087.0,0.0,0.0,5300.0
2024-06-18,2309.0,2309.0,2309.0,0.0,0.0,5600.0
2024-06-19,2205.0,2205.0,2205.0,0.0,0.0,5500.0
2024-06-20,2251.0,2251.0,2251.0,0.0,0.0,5600.0
2024-06-21,2205.0,2205.0,2205.0,0.0,0.0,5600.0
2024-06-22,2342.0,2342.0,2342.0,0.0,0.0,5700.0
2024-06-23,2267.0,2267.0,2267.0,0.0,0.0,5600.0
2024-06-24,2334.0,2334.0,2334.0,0.0,0.0,5600.0
2024-06-25,2330.0,2330.0,2330.0,0.0,0.0,5600.0
2024-06-26,2189.0,2189.0,2189.0,0.0,0.0,5500.0
2024-06-27,2123.0,2123.0,2123.0,0.0,0.0,5400.0
2024-06-28,2173.0,2173.0,2173.0,0.0,0.0,5500.0
2024-06-29,2252.0,2252.0,2252.0,0.0,0.0,5700.0
2024-06-30,2153.0,2153.0,2153.0,0.0,0.0,5600.0
2024-07-01,2371.0,2371.0,2371.0,0.0,0.0,5900.0
2024-07-02,2339.0,2339.0,2339.0,0.0,0.0,5900.0
2024-07-03,2288.0,2288.0,2288.0,0.0,0.0,5600.0
2024-07-04,2311.0,2311.0,2311.0,0.0,0.0,5700.0
2024-07-05,1947.0,1947.0,1947.0,0.0,0.0,5100.0
2024-07-06,2161.0,2161.0,2161.0,0.0,0.0,5500.0
2024-07-07,2238.0,2238.0,2238.0,0.0,0.0,5600.0
2024-07-08,2421.0,2421.0,2421.0,0.0,0.0,5900.0
2024-07-09,2198.0,2198.0,2198.0,0.0,0.0,5600.0
2024-07-10,2528.0,2528.0,2528.0,0.0,0.0,6200.0
2024-07-11,2373.0,2373.0,2373.0,0.0,0.0,6000.0
2024-07-12,2401.0,2401.0,2401.0,0.0,0.0,6100.0
2024-07-13,2460.0,2460.0,2460.0,0.0,0.0,6100.0
2024-07-14,2482.0,2482.0,2482.0,0.0,0.0,6100.0
2024-07-15,2355.0,2355.0,2355.0,0.0,0.0,5900.0
2024-07-16,2249.0,2249.0,2249.0,0.0,0.0,5800.0
2024-07-17,2390.0,2390.0,2390.0,0.0,0.0,6000.0
2024-07-18,2251.0,2251.0,2251.0,0.0,0.0,5900.0
2024-07-19,2347.0,2347.0,2347.0,0.0,0.0,6100.0
2024-07-20,2376.0,2376.0,2376.0,0.0,0.0,6000.0
2024-07-21,2423.0,2423.0,2423.0,0.0,0.0,6100.0
2024-07-22,2532.0,2532.0,2532.0,0.0,0.0,6300.0
2024-07-23,2526.0,2526.0,2526.0,0.0,0.0,6200.0
2024-07-24,2423.0,2423.0,2423.0,0.0,0.0,6100.0
2024-07-25,2403.0,2403.0,2403.0,0.0,0.0,6000.0
2024-07-26,2476.0,2476.0,2476.0,0.0,0.0,6100.0
2024-07-27,2417.0,2417.0,2417.0,0.0,0.0,6100.0
2024-07-28,2330.0,2330.0,2330.0,0.0,0.0,6000.0
2024-07-29,2525.0,2525.0,2525.0,0.0,0.0,6300.0
2024-07-30,2420.0,2420.0,2420.0,0.0,0.0,6100.0
2024-07-31,2313.0,2313.0,2313.0,0.0,0.0,5800.0
2024-08-01,2365.0,2365.0,2365.0,0.0,0.0,5900.0
2024-08-02,2108.0,2108.0,2108.0,0.0,0.0,5500.0
2024-08-03,2296.0,2296.0,2296.0,0.0,0.0,5700.0
2024-08-04,2254.0,2254.0,2254.0,0.0,0.0,5500.0
2024-08-05,2278.0,2278.0,2278.0,0.0,0.0,5600.0
2024-08-06,2221.0,2221.0,2221.0,0.0,0.0,5500.0
2024-08-07,1939.0,1939.0,1939.0,0.0,0.0,5000.0
2024-08-08,2233.0,2233.0,2233.0,0.0,0.0,5700.0
2024-08-09,2336.0,2336.0,2336.0,0.0,0.0,5800.0
2024-08-10,2213.0,2213.0,2213.0,0.0,0.0,5800.0
2024-08-11,2236.0,2236.0,2236.0,0.0,0.0,5800.0
2024-08-12,2159.0,2159.0,2159.0,0.0,0.0,5600.0
2024-08-13,2080.0,2080.0,2080.0,0.0,0.0,5400.0
2024-08-14,2144.0,2144.0,2144.0,0.0,0.0,5600.0
2024-08-15,2085.0,2085.0,2085.0,0.0,0.0,5600.0
2024-08-16,2224.0,2224.0,2224.0,0.0,0.0,5900.0
2024-08-17,2149.0,2149.0,2149.0,0.0,0.0,5800.0
2024-08-18,2079.0,2079.0,2079.0,0.0,0.0,5700.0
2024-08-19,2224.0,2224.0,2224.0,0.0,0.0,5900.0
2024-08-20,2224.0,2224.0,2224.0,0.0,0.0,5900.0
2024-08-21,2242.0,2242.0,2242.0,0.0,0.0,5900.0
2024-08-22,2156.0,2156.0,2156.0,0.0,0.0,5700.0
2024-08-23,2091.0,2091.0,2091.0,0.0,0.0,5600.0
2024-08-24,2211.0,2211.0,2211.0,0.0,0.0,5800.0
2024-08-25,2088.0,2088.0,2088.0,0.0,0.0,5600.0
2024-08-26,2213.0,2213.0,2213.0,0.0,0.0,5700.0
2024-08-27,2140.0,2140.0,2140.0,0.0,0.0,5600.0
2024-08-28,2143.0,2143.0,2143.0,0.0,0.0,5700.0
2024-08-29,2106.0,2106.0,2106.0,0.0,0.0,5600.0
2024-08-30,2127.0,2127.0,2127.0,0.0,0.0,5600.0
2024-08-31,2164.0,2164.0,2164.0,0.0,0.0,5700.0
2024-09-01,2123.0,2123.0,2123.0,0.0,0.0,5500.0
2024-09-02,2226.0,2226.0,2226.0,0.0,0.0,5800.0
2024-09-03,2038.0,2038.0,2038.0,0.0,0.0,5300.0
2024-09-04,2116.0,2116.0,2116.0,0.0,0.0,5400.0
2024-09-05,2046.0,2046.0,2046.0,0.0,0.0,5400.0
2024-09-06,2141.0,2141.0,2141.0,0.0,0.0,5500.0
2024-09-07,2196.0,2196.0,2196.0,0.0,0.0,5600.0
2024-09-08,2384.0,2384.0,2384.0,0.0,0.0,5900.0
2024-09-09,2246.0,2246.0,2246.0,0.0,0.0,5700.0
2024-09-10,2199.0,2199.0,2199.0,0.0,0.0,5700.0
2024-09-11,2007.0,2007.0,2007.0,0.0,0.0,5400.0
2024-09-12,2104.0,2104.0,2104.0,0.0,0.0,5800.0
2024-09-13,2022.0,2022.0,2022.0,0.0,0.0,5600.0
2024-09-14,2009.0,2009.0,2009.0,0.0,0.0,5500.0
2024-09-15,2022.0,2022.0,2022.0,0.0,0.0,5400.0
2024-09-16,1996.0,1996.0,1996.0,0.0,0.0,5200.0
2024-09-17,1868.0,1868.0,1868.0,0.0,0.0,4900.0
2024-09-18,2005.0,2005.0,2005.0,0.0,0.0,5200.0
2024-09-19,2085.0,2085.0,2085.0,0.0,0.0,5500.0
2024-09-20,2072.0,2072.0,2072.0,0.0,0.0,5300.0
2024-09-21,2142.0,2142.0,2142.0,0.0,0.0,5400.0
2024-09-22,2154.0,2154.0,2154.0,0.0,0.0,5400.0
2024-09-23,2061.0,2061.0,2061.0,0.0,0.0,5400.0
2024-09-24,2216.0,2216.0,2216.0,0.0,0.0,5600.0
2024-09-25,2171.0,2171.0,2171.0,0.0,0.0,5700.0
2024-09-26,2201.0,2201.0,2201.0,0.0,0.0,5800.0
2024-09-27,2338.0,2338.0,2338.0,0.0,0.0,6000.0
2024-09-28,2313.0,2313.0,2313.0,0.0,0.0,5900.0
2024-09-29,2313.0,2313.0,2313.0,0.0,0.0,5900.0
2024-09-30,2155.0,2155.0,2155.0,0.0,0.0,5800.0
2024-10-01,2509.0,2509.0,2509.0,0.0,0.0,6400.0
2024-10-02,2242.0,2242.0,2242.0,0.0,0.0,5800.0
2024-10-03,2281.0,2281.0,2281.0,0.0,0.0,5900.0
2024-10-04,2185.0,2185.0,2185.0,0.0,0.0,5800.0
2024-10-05,2339.0,2339.0,2339.0,0.0,0.0,6000.0
2024-10-06,2167.0,2167.0,2167.0,0.0,0.0,5900.0
2024-10-07,2041.0,2041.0,2041.0,0.0,0.0,5700.0
2024-10-08,2307.0,2307.0,2307.0,0.0,0.0,6300.0
2024-10-09,2281.0,2281.0,2281.0,0.0,0.0,6300.0
2024-10-10,2059.0,2059.0,2059.0,0.0,0.0,5900.0
2024-10-11,2288.0,2288.0,2288.0,0.0,0.0,6200.0
2024-10-12,2278.0,2278.0,2278.0,0.0,0.0,6100.0
2024-10-13,2244.0,2244.0,2244.0,0.0,0.0,6000.0
2024-10-14,2348.0,2348.0,2348.0,0.0,0.0,6200.0
2024-10-15,2274.0,2274.0,2274.0,0.0,0.0,6100.0
2024-10-16,2442.0,2442.0,2442.0,0.0,0.0,6300.0
2024-10-17,2441.0,2441.0,2441.0,0.0,0.0,6500.0
2024-10-18,2475.0,2475.0,2475.0,0.0,0.0,6400.0
2024-10-19,2361.0,2361.0,2361.0,0.0,0.0,6300.0
2024-10-20,2400.0,2400.0,2400.0,0.0,0.0,6300.0
2024-10-21,2426.0,2426.0,2426.0,0.0,0.0,6400.0
2024-10-22,2475.0,2475.0,2475.0,0.0,0.0,6200.0
2024-10-23,2445.0,2445.0,2445.0,0.0,0.0,6200.0
2024-10-24,2352.0,2352.0,2352.0,0.0,0.0,5900.0
2024-10-25,2427.0,2427.0,2427.0,0.0,0.0,6100.0
2024-10-26,2427.0,2427.0,2427.0,0.0,0.0,6100.0
2024-10-27,2455.0,2455.0,2455.0,0.0,0.0,6100.0
2024-10-28,2539.0,2539.0,2539.0,0.0,0.0,6400.0
2024-10-29,2295.0,2295.0,2295.0,0.0,0.0,6100.0
2024-10-30,2467.0,2467.0,2467.0,0.0,0.0,6400.0
2024-10-31,2364.0,2364.0,2364.0,0.0,0.0,6200.0
2024-11-01,2222.0,2222.0,2222.0,0.0,0.0,5900.0
2024-11-02,2247.0,2247.0,2247.0,0.0,0.0,6000.0
2024-11-03,2274.0,2274.0,2274.0,0.0,0.0,5900.0
2024-11-04,2185.0,2185.0,2185.0,0.0,0.0,5800.0
2024-11-05,2079.0,2079.0,2079.0,0.0,0.0,5600.0
2024-11-06,2248.0,2248.0,2248.0,0.0,0.0,6100.0
2024-11-07,2184.0,2184.0,2184.0,0.0,0.0,5600.0
2024-11-08,2156.0,2156.0,2156.0,0.0,0.0,5600.0
2024-11-09,2025.0,2025.0,2025.0,0.0,0.0,5500.0
2024-11-10,1948.0,1948.0,1948.0,0.0,0.0,5400.0
2024-11-11,1638.0,1638.0,1638.0,0.0,0.0,4800.0
2024-11-12,1694.0,1694.0,1694.0,0.0,0.0,4800.0
2024-11-13,1930.0,1930.0,1930.0,0.0,0.0,5400.0
2024-11-14,1874.0,1874.0,1874.0,0.0,0.0,5200.0
2024-11-15,1816.0,1816.0,1816.0,0.0,0.0,5000.0
2024-11-16,1949.0,1949.0,1949.0,0.0,0.0,5200.0
2024-11-17,1993.0,1993.0,1993.0,0.0,0.0,5200.0
2024-11-18,1958.0,1958.0,1958.0,0.0,0.0,5200.0
2024-11-19,1969.0,1969.0,1969.0,0.0,0.0,5300.0
2024-11-20,1908.0,1908.0,1908.0,0.0,0.0,5200.0
2024-11-21,2038.0,2038.0,2038.0,0.0,0.0,5300.0
2024-11-22,2060.0,2060.0,2060.0,0.0,0.0,5300.0
2024-11-23,2017.0,2017.0,2017.0,0.0,0.0,5500.0
2024-11-24,2068.0,2068.0,2068.0,0.0,0.0,5600.0
2024-11-25,2058.0,2058.0,2058.0,0.0,0.0,5600.0
2024-11-26,2163.0,2163.0,2163.0,0.0,0.0,5400.0
2024-11-27,2158.0,2158.0,2158.0,0.0,0.0,5800.0
2024-11-28,2163.0,2163.0,2163.0,0.0,0.0,5800.0
2024-11-29,2269.0,2269.0,2269.0,0.0,0.0,5900.0
2024-11-30,2229.0,2229.0,2229.0,0.0,0.0,5900.0
2024-12-01,1971.0,1971.0,1971.0,0.0,0.0,5400.0
2024-12-02,1844.0,1844.0,1844.0,0.0,0.0,5000.0
2024-12-03,1716.0,1716.0,1716.0,0.0,0.0,4900.0
2024-12-04,1753.0,1753.0,1753.0,0.0,0.0,5000.0
2024-12-05,1693.0,1693.0,1693.0,0.0,0.0,4800.0
2024-12-06,1552.0,1552.0,1552.0,0.0,0.0,4500.0
2024-12-07,1624.0,1624.0,1624.0,0.0,0.0,4500.0
2024-12-08,1682.0,1682.0,1682.0,0.0,0.0,4600.0
2024-12-09,1604.0,1604.0,1604.0,0.0,0.0,4400.0
2024-12-10,1623.0,1623.0,1623.0,0.0,0.0,4400.0
2024-12-11,1688.0,1688.0,1688.0,0.0,0.0,4800.0
2024-12-12,1602.0,1602.0,1602.0,0.0,0.0,4800.0
2024-12-13,1578.0,1578.0,1578.0,0.0,0.0,4700.0
2024-12-14,1765.0,1765.0,1765.0,0.0,0.0,5100.0
2024-12-15,1995.0,1995.0,1995.0,0.0,0.0,5500.0
2024-12-16,2179.0,2179.0,2179.0,0.0,0.0,5600.0
2024-12-17,2053.0,2053.0,2053.0,0.0,0.0,5400.0
2024-12-18,1968.0,1968.0,1968.0,0.0,0.0,5400.0
2024-12-19,2183.0,2183.0,2183.0,0.0,0.0,5900.0
2024-12-20,1990.0,1990.0,1990.0,0.0,0.0,5600.0
2024-12-21,1774.0,1774.0,1774.0,0.0,0.0,5200.0
2024-12-22,1795.0,1795.0,1795.0,0.0,0.0,5200.0
2024-12-23,1786.0,1786.0,1786.0,0.0,0.0,5100.0
2024-12-24,2077.0,2077.0,2077.0,0.0,0.0,5700.0
2024-12-25,2015.0,2015.0,2015.0,0.0,0.0,5500.0
2024-12-26,2253.0,2253.0,2253.0,0.0,0.0,6000.0
2024-12-27,2271.0,2271.0,2271.0,0.0,0.0,6000.0
2024-12-28,2221.0,2221.0,2221.0,0.0,0.0,6000.0
2024-12-29,2133.0,2133.0,2133.0,0.0,0.0,5800.0
2024-12-30,1958.0,1958.0,1958.0,0.0,0.0,5500.0
2024-12-31,2084.0,2084.0,2084.0,0.0,0.0,5700.0
2025-01-01,2079.0,2079.0,2079.0,0.0,0.0,5700.0
2025-01-02,2097.0,2097.0,2097.0,0.0,0.0,5700.0
2025-01-03,1868.0,1868.0,1868.0,0.0,0.0,5300.0
2025-01-04,1965.0,1965.0,1965.0,0.0,0.0,5600.0
2025-01-05,1806.0,1806.0,1806.0,0.0,0.0,5100.0
2025-01-06,1915.0,1915.0,1915.0,0.0,0.0,5300.0
2025-01-07,1816.0,1816.0,1816.0,0.0,0.0,5100.0
2025-01-08,1804.0,1804.0,1804.0,0.0,0.0,5200.0
2025-01-09,1741.0,1741.0,1741.0,0.0,0.0,5100.0
2025-01-10,1707.0,1707.0,1707.0,0.0,0.0,5000.0
2025-01-11,1782.0,1782.0,1782.0,0.0,0.0,5200.0
2025-01-12,1803.0,1803.0,1803.0,0.0,0.0,5200.0
2025-01-13,1944.0,1944.0,1944.0,0.0,0.0,5200.0
2025-01-14,2013.0,2013.0,2013.0,0.0,0.0,5500.0
2025-01-15,2020.0,2020.0,2020.0,0.0,0.0,5700.0
2025-01-16,1894.0,1894.0,1894.0,0.0,0.0,5500.0
2025-01-17,1913.0,1913.0,1913.0,0.0,0.0,5600.0
2025-01-18,2005.0,2005.0,2005.0,0.0,0.0,5700.0
2025-01-19,2125.0,2125.0,2125.0,0.0,0.0,6100.0
2025-01-20,2185.0,2185.0,2185.0,0.0,0.0,6400.0
2025-01-21,2267.0,2267.0,2267.0,0.0,0.0,6600.0
2025-01-22,2163.0,2163.0,2163.0,0.0,0.0,6400.0
2025-01-23,2113.0,2113.0,2113.0,0.0,0.0,6300.0
2025-01-24,1950.0,1950.0,1950.0,0.0,0.0,6300.0
2025-01-25,2191.0,2191.0,2191.0,0.0,0.0,6500.0
2025-01-26,2050.0,2050.0,2050.0,0.0,0.0,5800.0
2025-01-27,2120.0,2120.0,2120.0,0.0,0.0,5900.0
2025-01-28,2102.0,2102.0,2102.0,0.0,0.0,5900.0
2025-01-29,1936.0,1936.0,1936.0,0.0,0.0,5700.0
2025-01-30,2090.0,2090.0,2090.0,0.0,0.0,5800.0
2025-01-31,1932.0,1932.0,1932.0,0.0,0.0,5300.0
2025-02-01,1826.0,1826.0,1826.0,0.0,0.0,5100.0
2025-02-02,2113.0,2113.0,2113.0,0.0,0.0,5800.0
2025-02-03,1679.0,1679.0,1679.0,0.0,0.0,4900.0
2025-02-04,1676.0,1676.0,1676.0,0.0,0.0,5000.0
2025-02-05,1668.0,1668.0,1668.0,0.0,0.0,4800.0
2025-02-06,1915.0,1915.0,1915.0,0.0,0.0,5300.0
2025-02-07,1735.0,1735.0,1735.0,0.0,0.0,5100.0
2025-02-08,1744.0,1744.0,1744.0,0.0,0.0,4900.0
2025-02-09,1766.0,1766.0,1766.0,0.0,0.0,5100.0
2025-02-10,1936.0,1936.0,1936.0,0.0,0.0,5500.0
2025-02-11,1901.0,1901.0,1901.0,0.0,0.0,5300.0
2025-02-12,1887.0,1887.0,1887.0,0.0,0.0,5100.0
2025-02-13,1855.0,1855.0,1855.0,0.0,0.0,5200.0
2025-02-14,2051.0,2051.0,2051.0,0.0,0.0,6000.0
2025-02-15,1585.0,1585.0,1585.0,0.0,0.0,5000.0
2025-02-16,1666.0,1666.0,1666.0,0.0,0.0,5000.0
2025-02-17,1696.0,1696.0,1696.0,0.0,0.0,5100.0
2025-02-18,1783.0,1783.0,1783.0,0.0,0.0,5600.0
2025-02-19,1648.0,1648.0,1648.0,0.0,0.0,5100.0
2025-02-20,1842.0,1842.0,1842.0,0.0,0.0,5700.0
2025-02-21,1769.0,1769.0,1769.0,0.0,0.0,5500.0
2025-02-22,1789.0,1789.0,1789.0,0.0,0.0,5400.0
2025-02-23,1898.0,1898.0,1898.0,0.0,0.0,5200.0
2025-02-24,1937.0,1937.0,1937.0,0.0,0.0,5400.0
2025-02-25,1911.0,1911.0,1911.0,0.0,0.0,5200.0
2025-02-26,1945.0,1945.0,1945.0,0.0,0.0,5300.0
2025-02-27,1833.0,1833.0,1833.0,0.0,0.0,5200.0
2025-02-28,1915.0,1915.0,1915.0,0.0,0.0,5500.0
2025-03-01,1794.0,1794.0,1794.0,0.0,0.0,5100.0
2025-03-02,1819.0,1819.0,1819.0,0.0,0.0,5000.0
2025-03-03,1586.0,1586.0,1586.0,0.0,0.0,4700.0
2025-03-04,1663.0,1663.0,1663.0,0.0,0.0,4900.0
2025-03-05,1660.0,1660.0,1660.0,0.0,0.0,4800.0
2025-03-06,1615.0,1615.0,1615.0,0.0,0.0,4600.0
2025-03-07,1699.0,1699.0,1699.0,0.0,0.0,4800.0
2025-03-08,1820.0,1820.0,1820.0,0.0,0.0,4800.0
2025-03-09,1898.0,1898.0,1898.0,0.0,0.0,5100.0
2025-03-10,1738.0,1738.0,1738.0,0.0,0.0,4800.0
2025-03-11,1642.0,1642.0,1642.0,0.0,0.0,4500.0
2025-03-12,1752.0,1752.0,1752.0,0.0,0.0,4600.0
2025-03-13,1711.0,1711.0,1711.0,0.0,0.0,4700.0
2025-03-14,1570.0,1570.0,1570.0,0.0,0.0,4600.0
2025-03-15,1561.0,1561.0,1561.0,0.0,0.0,4700.0
2025-03-16,1564.0,1564.0,1564.0,0.0,0.0,4400.0
2025-03-17,1478.0,1478.0,1478.0,0.0,0.0,4200.0
2025-03-18,1576.0,1576.0,1576.0,0.0,0.0,4400.0
2025-03-19,1658.0,1658.0,1658.0,0.0,0.0,4600.0
2025-03-20,1622.0,1622.0,1622.0,0.0,0.0,4600.0
2025-03-21,1708.0,1708.0,1708.0,0.0,0.0,4900.0
2025-03-22,1557.0,1557.0,1557.0,0.0,0.0,4700.0
2025-03-23,1709.0,1709.0,1709.0,0.0,0.0,4800.0
2025-03-24,1657.0,1657.0,1657.0,0.0,0.0,4700.0
2025-03-25,1755.0,1755.0,1755.0,0.0,0.0,5100.0
2025-03-26,1889.0,1889.0,1889.0,0.0,0.0,5200.0
2025-03-27,1960.0,1960.0,1960.0,0.0,0.0,5400.0
2025-03-28,1956.0,1956.0,1956.0,0.0,0.0,5300.0
2025-03-29,2015.0,2015.0,2015.0,0.0,0.0,5400.0
2025-03-30,1967.0,1967.0,1967.0,0.0,0.0,5300.0
2025-03-31,1937.0,1937.0,1937.0,0.0,0.0,5300.0
2025-04-01,1827.0,1827.0,1827.0,0.0,0.0,5100.0
2025-04-02,1810.0,1810.0,1810.0,0.0,0.0,5000.0
2025-04-03,1915.0,1915.0,1915.0,0.0,0.0,5100.0
2025-04-04,1702.0,1702.0,1702.0,0.0,0.0,4800.0
2025-04-05,1700.0,1700.0,1700.0,0.0,0.0,4800.0
2025-04-06,1857.0,1857.0,1857.0,0.0,0.0,5000.0
2025-04-07,1825.0,1825.0,1825.0,0.0,0.0,5000.0
2025-04-08,1870.0,1870.0,1870.0,0.0,0.0,5100.0
2025-04-09,1884.0,1884.0,1884.0,0.0,0.0,5200.0
2025-04-10,1884.0,1884.0,1884.0,0.0,0.0,5300.0
2025-04-11,1688.0,1688.0,1688.0,0.0,0.0,4800.0
2025-04-12,1782.0,1782.0,1782.0,0.0,0.0,5000.0
2025-04-13,1728.0,1728.0,1728.0,0.0,0.0,4900.0
2025-04-14,1898.0,1898.0,1898.0,0.0,0.0,5300.0
2025-04-15,1890.0,1890.0,1890.0,0.0,0.0,5400.0
2025-04-16,1740.0,1740.0,1740.0,0.0,0.0,5100.0
2025-04-17,1699.0,1699.0,1699.0,0.0,0.0,5100.0
2025-04-18,1787.0,1787.0,1787.0,0.0,0.0,5200.0
2025-04-19,1740.0,1740.0,1740.0,0.0,0.0,5100.0
2025-04-20,1959.0,1959.0,1959.0,0.0,0.0,5400.0
2025-04-21,2021.0,2021.0,2021.0,0.0,0.0,5400.0
2025-04-22,1851.0,1851.0,1851.0,0.0,0.0,5300.0
2025-04-23,2053.0,2053.0,2053.0,0.0,0.0,5500.0
2025-04-24,1971.0,1971.0,1971.0,0.0,0.0,5500.0
2025-04-25,1794.0,1794.0,1794.0,0.0,0.0,5200.0
2025-04-26,1755.0,1755.0,1755.0,0.0,0.0,5000.0
2025-04-27,1880.0,1880.0,1880.0,0.0,0.0,5400.0
2025-04-28,1652.0,1652.0,1652.0,0.0,0.0,4900.0
2025-04-29,2129.0,2129.0,2129.0,0.0,0.0,5700.0
2025-04-30,2014.0,2014.0,2014.0,0.0,0.0,5700.0
2025-05-01,1848.0,1848.0,1848.0,0.0,0.0,5300.0
2025-05-02,1908.0,1908.0,1908.0,0.0,0.0,5400.0
2025-05-03,2025.0,2025.0,2025.0,0.0,0.0,5500.0
2025-05-04,1780.0,1780.0,1780.0,0.0,0.0,5000.0
2025-05-05,1587.0,1587.0,1587.0,0.0,0.0,4700.0
2025-05-06,1673.0,1673.0,1673.0,0.0,0.0,4700.0
2025-05-07,1757.0,1757.0,1757.0,0.0,0.0,5000.0
2025-05-08,1715.0,1715.0,1715.0,0.0,0.0,5000.0
2025-05-09,1846.0,1846.0,1846.0,0.0,0.0,5300.0
2025-05-10,1776.0,1776.0,1776.0,0.0,0.0,5200.0
2025-05-11,1739.0,1739.0,1739.0,0.0,0.0,5000.0
2025-05-12,1509.0,1509.0,1509.0,0.0,0.0,4600.0
2025-05-13,1459.0,1459.0,1459.0,0.0,0.0,4500.0
2025-05-14,1533.0,1533.0,1533.0,0.0,0.0,4600.0
2025-05-15,1797.0,1797.0,1797.0,0.0,0.0,5100.0
2025-05-16,1761.0,1761.0,1761.0,0.0,0.0,4900.0
2025-05-17,1759.0,1759.0,1759.0,0.0,0.0,5000.0
2025-05-18,1701.0,1701.0,1701.0,0.0,0.0,4900.0
2025-05-19,1854.0,1854.0,1854.0,0.0,0.0,5200.0
2025-05-20,1766.0,1766.0,1766.0,0.0,0.0,5000.0
2025-05-21,1830.0,1830.0,1830.0,0.0,0.0,5200.0
2025-05-22,1714.0,1714.0,1714.0,0.0,0.0,4900.0
2025-05-23,2003.0,2003.0,2003.0,0.0,0.0,5600.0
2025-05-24,1812.0,1812.0,1812.0,0.0,0.0,5200.0
2025-05-25,1845.0,1845.0,1845.0,0.0,0.0,5200.0
2025-05-26,1848.0,1848.0,1848.0,0.0,0.0,5100.0
2025-05-27,1871.0,1871.0,1871.0,0.0,0.0,5200.0
2025-05-28,1950.0,1950.0,1950.0,0.0,0.0,5300.0
2025-05-29,1719.0,1719.0,1719.0,0.0,0.0,4800.0
2025-05-30,1683.0,1683.0,1683.0,0.0,0.0,4700.0
2025-05-31,1719.0,1719.0,1719.0,0.0,0.0,4800.0
2025-06-01,1676.0,1676.0,1676.0,0.0,0.0,4700.0
2025-06-02,1458.0,1458.0,1458.0,0.0,0.0,4300.0
2025-06-03,1567.0,1567.0,1567.0,0.0,0.0,4300.0
2025-06-04,1366.0,1366.0,1366.0,0.0,0.0,4200.0
2025-06-05,1298.0,1298.0,1298.0,0.0,0.0,3900.0
2025-06-06,1318.0,1318.0,1318.0,0.0,0.0,4000.0
2025-06-07,1495.0,1495.0,1495.0,0.0,0.0,4300.0
2025-06-08,1450.0,1450.0,1450.0,0.0,0.0,4200.0
2025-06-09,1571.0,1571.0,1571.0,0.0,0.0,4400.0
2025-06-10,1642.0,1642.0,1642.0,0.0,0.0,4600.0
2025-06-11,1624.0,1624.0,1624.0,0.0,0.0,4500.0
2025-06-12,1504.0,1504.0,1504.0,0.0,0.0,4400.0
2025-06-13,1746.0,1746.0,1746.0,0.0,0.0,4800.0
2025-06-14,1876.0,1876.0,1876.0,0.0,0.0,5100.0
2025-06-15,1763.0,1763.0,1763.0,0.0,0.0,4900.0
2025-06-16,1716.0,1716.0,1716.0,0.0,0.0,4700.0
2025-06-17,1754.0,1754.0,1754.0,0.0,0.0,4900.0
2025-06-18,1682.0,1682.0,1682.0,0.0,0.0,4700.0
2025-06-19,1692.0,1692.0,1692.0,0.0,0.0,4500.0
2025-06-20,1729.0,1729.0,1729.0,0.0,0.0,4600.0
2025-06-21,1654.0,1654.0,1654.0,0.0,0.0,4500.0
2025-06-22,1702.0,1702.0,1702.0,0.0,0.0,4600.0
2025-06-23,1643.0,1643.0,1643.0,0.0,0.0,4900.0
2025-06-24,1615.0,1615.0,1615.0,0.0,0.0,5000.0
2025-06-25,1848.0,1848.0,1848.0,0.0,0.0,5000.0
2025-06-26,1768.0,1768.0,1768.0,0.0,0.0,4700.0
2025-06-27,1531.0,1531.0,1531.0,0.0,0.0,4300.0
2025-06-28,1623.0,1623.0,1623.0,0.0,0.0,4400.0
2025-06-29,1650.0,1650.0,1650.0,0.0,0.0,4700.0
2025-06-30,1734.0,1734.0,1734.0,0.0,0.0,4700.0
2025-07-01,1763.0,1763.0,1763.0,0.0,0.0,4700.0
2025-07-02,1770.0,1770.0,1770.0,0.0,0.0,4600.0
2025-07-03,1761.0,1761.0,1761.0,0.0,0.0,4700.0
2025-07-04,1634.0,1634.0,1634.0,0.0,0.0,4400.0
2025-07-05,1616.0,1616.0,1616.0,0.0,0.0,4400.0
2025-07-06,1498.0,1498.0,1498.0,0.0,0.0,4300.0
2025-07-07,1641.0,1641.0,1641.0,0.0,0.0,4600.0
2025-07-08,1596.0,1596.0,1596.0,0.0,0.0,4200.0
2025-07-09,1634.0,1634.0,1634.0,0.0,0.0,4300.0
2025-07-10,1550.0,1550.0,1550.0,0.0,0.0,4000.0
2025-07-11,1720.0,1720.0,1720.0,0.0,0.0,4300.0
2025-07-12,1630.0,1630.0,1630.0,0.0,0.0,4500.0
2025-07-13,1714.0,1714.0,1714.0,0.0,0.0,4800.0
2025-07-14,1725.0,1725.0,1725.0,0.0,0.0,5000.0
2025-07-15,1432.0,1432.0,1432.0,0.0,0.0,4500.0
2025-07-16,1566.0,1566.0,1566.0,0.0,0.0,4500.0
2025-07-17,1774.0,1774.0,1774.0,0.0,0.0,4800.0
2025-07-18,1773.0,1773.0,1773.0,0.0,0.0,4600.0
2025-07-19,1670.0,1670.0,1670.0,0.0,0.0,4300.0
2025-07-20,1713.0,1713.0,1713.0,0.0,0.0,4400.0
2025-07-21,1826.0,1826.0,1826.0,0.0,0.0,4600.0
2025-07-22,1833.0,1833.0,1833.0,0.0,0.0,4600.0
2025-07-23,1724.0,1724.0,1724.0,0.0,0.0,4300.0
2025-07-24,1782.0,1782.0,1782.0,0.0,0.0,4800.0
2025-07-25,1651.0,1651.0,1651.0,0.0,0.0,4800.0
2025-07-26,1809.0,1809.0,1809.0,0.0,0.0,5200.0
2025-07-27,1856.0,1856.0,1856.0,0.0,0.0,5500.0
2025-07-28,1874.0,1874.0,1874.0,0.0,0.0,5400.0
2025-07-29,1971.0,1971.0,1971.0,0.0,0.0,5900.0
2025-07-30,1891.0,1891.0,1891.0,0.0,0.0,5700.0
2025-07-31,1671.0,1671.0,1671.0,0.0,0.0,4800.0
2025-08-01,1607.0,1607.0,1607.0,0.0,0.0,4400.0
2025-08-02,1463.0,1463.0,1463.0,0.0,0.0,3700.0
2025-08-03,1393.0,1393.0,1393.0,0.0,0.0,3700.0
2025-08-04,1469.0,1469.0,1469.0,0.0,0.0,3900.0
2025-08-05,1352.0,1352.0,1352.0,0.0,0.0,3800.0
2025-08-06,1519.0,1519.0,1519.0,0.0,0.0,4100.0
2025-08-07,1392.0,1392.0,1392.0,0.0,0.0,4000.0
2025-08-08,1546.0,1546.0,1546.0,0.0,0.0,4400.0
2025-08-09,1498.0,1498.0,1498.0,0.0,0.0,4400.0
2025-08-10,1487.0,1487.0,1487.0,0.0,0.0,4800.0
2025-08-11,1429.0,1429.0,1429.0,0.0,0.0,4600.0
2025-08-12,1507.0,1507.0,1507.0,0.0,0.0,5200.0
2025-08-13,1470.0,1470.0,1470.0,0.0,0.0,5100.0
2025-08-14,1496.0,1496.0,1496.0,0.0,0.0,4700.0
2025-08-15,1456.0,1456.0,1456.0,0.0,0.0,4300.0
2025-08-16,1532.0,1532.0,1532.0,0.0,0.0,4400.0
2025-08-17,1638.0,1638.0,1638.0,0.0,0.0,4500.0
2025-08-18,1592.0,1592.0,1592.0,0.0,0.0,4400.0
2025-08-19,1641.0,1641.0,1641.0,0.0,0.0,4500.0
2025-08-20,1806.0,1806.0,1806.0,0.0,0.0,4700.0
2025-08-21,1689.0,1689.0,1689.0,0.0,0.0,4500.0
2025-08-22,1646.0,1646.0,1646.0,0.0,0.0,4400.0
2025-08-23,1791.0,1791.0,1791.0,0.0,0.0,4600.0
2025-08-24,1721.0,1721.0,1721.0,0.0,0.0,4500.0
2025-08-25,1560.0,1560.0,1560.0,0.0,0.0,4300.0
2025-08-26,1643.0,1643.0,1643.0,0.0,0.0,4400.0
2025-08-27,1540.0,1540.0,1540.0,0.0,0.0,4200.0
2025-08-28,1805.0,1805.0,1805.0,0.0,0.0,4700.0
2025-08-29,1655.0,1655.0,1655.0,0.0,0.0,4400.0
2025-08-30,1699.0,1699.0,1699.0,0.0,0.0,4500.0
2025-08-31,1589.0,1589.0,1589.0,0.0,0.0,4200.0
2025-09-01,1456.0,1456.0,1456.0,0.0,0.0,3800.0
2025-09-02,1959.0,1959.0,1959.0,0.0,0.0,4800.0
2025-09-03,1660.0,1660.0,1660.0,0.0,0.0,4100.0
2025-09-04,1634.0,1634.0,1634.0,0.0,0.0,4400.0
2025-09-05,1638.0,1638.0,1638.0,0.0,0.0,4500.0
2025-09-06,1701.0,1701.0,1701.0,0.0,0.0,4500.0
2025-09-07,1691.0,1691.0,1691.0,0.0,0.0,4300.0
2025-09-08,1605.0,1605.0,1605.0,0.0,0.0,4300.0
2025-09-09,1645.0,1645.0,1645.0,0.0,0.0,4400.0
2025-09-10,1482.0,1482.0,1482.0,0.0,0.0,4200.0
2025-09-11,1565.0,1565.0,1565.0,0.0,0.0,4400.0
2025-09-12,1786.0,1786.0,1786.0,0.0,0.0,4500.0
2025-09-13,1798.0,1798.0,1798.0,0.0,0.0,4700.0
2025-09-14,1798.0,1798.0,1798.0,0.0,0.0,4700.0
2025-09-15,1821.0,1821.0,1821.0,0.0,0.0,4600.0
2025-09-16,1853.0,1853.0,1853.0,0.0,0.0,4700.0
2025-09-17,1703.0,1703.0,1703.0,0.0,0.0,4500.0
2025-09-18,1630.0,1630.0,1630.0,0.0,0.0,4400.0
2025-09-19,1487.0,1487.0,1487.0,0.0,0.0,4200.0
2025-09-20,1453.0,1453.0,1453.0,0.0,0.0,4100.0
2025-09-21,1512.0,1512.0,1512.0,0.0,0.0,4200.0
2025-09-22,1507.0,1507.0,1507.0,0.0,0.0,4100.0
2025-09-23,1495.0,1495.0,1495.0,0.0,0.0,4100.0
2025-09-24,1384.0,1384.0,1384.0,0.0,0.0,4000.0
2025-09-25,1424.0,1424.0,1424.0,0.0,0.0,4100.0
2025-09-26,1541.0,1541.0,1541.0,0.0,0.0,4500.0
2025-09-27,1587.0,1587.0,1587.0,0.0,0.0,4300.0
2025-09-28,1632.0,1632.0,1632.0,0.0,0.0,4400.0
2025-09-29,1735.0,1735.0,1735.0,0.0,0.0,4600.0
2025-09-30,1883.0,1883.0,1883.0,0.0,0.0,4600.0
2025-10-01,1866.0,1866.0,1866.0,0.0,0.0,4500.0
2025-10-02,1794.0,1794.0,1794.0,0.0,0.0,4200.0
2025-10-03,1620.0,1620.0,1620.0,0.0,0.0,4100.0
2025-10-04,1390.0,1390.0,1390.0,0.0,0.0,3700.0
2025-10-05,1354.0,1354.0,1354.0,0.0,0.0,3500.0
2025-10-06,1339.0,1339.0,1339.0,0.0,0.0,3600.0
2025-10-07,1369.0,1369.0,1369.0,0.0,0.0,3700.0
2025-10-08,1274.0,1274.0,1274.0,0.0,0.0,3500.0
2025-10-09,1437.0,1437.0,1437.0,0.0,0.0,3900.0
2025-10-10,1329.0,1329.0,1329.0,0.0,0.0,3600.0
2025-10-11,1422.0,1422.0,1422.0,0.0,0.0,3700.0
2025-10-12,1540.0,1540.0,1540.0,0.0,0.0,4000.0
2025-10-13,1470.0,1470.0,1470.0,0.0,0.0,3900.0
2025-10-14,1620.0,1620.0,1620.0,0.0,0.0,4200.0
2025-10-15,1575.0,1575.0,1575.0,0.0,0.0,4100.0
2025-10-16,1640.0,1640.0,1640.0,0.0,0.0,4400.0
2025-10-17,1570.0,1570.0,1570.0,0.0,0.0,4300.0
2025-10-18,1595.0,1595.0,1595.0,0.0,0.0,4300.0
2025-10-19,1620.0,1620.0,1620.0,0.0,0.0,4400.0
2025-10-20,1575.0,1575.0,1575.0,0.0,0.0,4300.0
2025-10-21,1668.0,1668.0,1668.0,0.0,0.0,4500.0
2025-10-22,1563.0,1563.0,1563.0,0.0,0.0,4300.0
2025-10-23,1583.0,1583.0,1583.0,0.0,0.0,4300.0
2025-10-24,1625.0,1625.0,1625.0,0.0,0.0,4400.0
2025-10-25,1750.0,1750.0,1750.0,0.0,0.0,4700.0
2025-10-26,1643.0,1643.0,1643.0,0.0,0.0,4400.0
2025-10-27,1557.0,1557.0,1557.0,0.0,0.0,4300.0
2025-10-28,1695.0,1695.0,1695.0,0.0,0.0,4400.0
2025-10-29,1723.0,1723.0,1723.0,0.0,0.0,4500.0
2025-10-30,1793.0,1793.0,1793.0,0.0,0.0,4600.0
2025-10-31,1905.0,1905.0,1905.0,0.0,0.0,4800.0
2025-11-01,1868.0,1868.0,1868.0,0.0,0.0,4700.0
2025-11-02,1823.0,1823.0,1823.0,0.0,0.0,4600.0
2025-11-03,1749.0,1749.0,1749.0,0.0,0.0,4300.0
2025-11-04,1732.0,1732.0,1732.0,0.0,0.0,4400.0
2025-11-05,1535.0,1535.0,1535.0,0.0,0.0,3900.0
2025-11-06,1580.0,1580.0,1580.0,0.0,0.0,4000.0
2025-11-07,1581.0,1581.0,1581.0,0.0,0.0,4000.0
2025-11-08,1706.0,1706.0,1706.0,0.0,0.0,4200.0
2025-11-09,1709.0,1709.0,1709.0,0.0,0.0,4400.0
2025-11-10,1665.0,1665.0,1665.0,0.0,0.0,4900.0
2025-11-11,1851.0,1851.0,1851.0,0.0,0.0,5100.0
2025-11-12,1574.0,1574.0,1574.0,0.0,0.0,4400.0
2025-11-13,1602.0,1602.0,1602.0,0.0,0.0,4300.0
2025-11-14,1476.0,1476.0,1476.0,0.0,0.0,4000.0
2025-11-15,1559.0,1559.0,1559.0,0.0,0.0,3900.0
